"","authority"
"1",2.20139426551009e-16
"2",1.62900580377549e-16
"3",-1.12544473930538e-16
"4",1.82050996698914e-17
"5",-1.44616454932634e-17
"6",1.23824748979319e-16
"7",1.99867264801168e-16
"8",-7.8747563381692e-17
"9",-7.88545177342856e-17
"10",-1.91567270399168e-16
"11",5.15024126643608e-17
"12",-8.55398611525786e-18
"13",-1.46364077874353e-16
"14",2.04739694357943e-16
"15",1.96427545780555e-16
"16",-1.31026336499046e-17
"17",-7.56177069784453e-17
"18",2.16904640033577e-16
"19",5.14444426217832e-17
"20",1.91384886673903e-16
"21",3.6362164240363e-17
"22",-8.21990586769895e-17
"23",-3.92096694375965e-17
"24",-1.89221444947319e-16
"25",-1.52656978383114e-16
"26",-1.19058167529902e-17
"27",1.79739094823449e-16
"28",-7.65378994089201e-07
"29",3.69910357568897e-17
"30",-8.86832485765699e-17
"31",-1.81144622053748e-16
"32",-1.15268103809389e-16
"33",1.04642075293511e-16
"34",1.99756651451266e-16
"35",-1.0432477223462e-16
"36",7.56694483794812e-17
"37",-5.85590727479718e-17
"38",-1.1271114824616e-16
"39",-2.16005751682555e-16
"40",-3.45496756006893e-14
"41",1.11438225145712e-16
"42",-2.12642807741576e-16
"43",-9.81685417142847e-17
"44",-0.00157232108949117
"45",-6.68169376804611e-17
"46",-0.00157232108949087
"47",-5.79342683505679e-17
"48",-1.69798058093004e-16
"49",1.0038684250444e-16
"50",2.80575877659502e-17
"51",-1.17393056292744e-16
"52",9.80206066507195e-18
"53",1.1548087097016e-16
"54",9.90338977085847e-17
"55",6.20103980745868e-17
"56",1.46882296800056e-16
"57",5.92950483498649e-18
"58",-1.75475249988561e-16
"59",-1.8056964017054e-16
"60",1.93484429429084e-16
"61",-1.78410087142246e-16
"62",-2.00185864293304e-18
"63",-7.19732074997551e-18
"64",7.97120977950901e-17
"65",-2.14635285083198e-16
"66",2.65788203673927e-18
"67",1.02977896816463e-16
"68",1.804551947154e-16
"69",-1.97353479591509e-16
"70",1.87905123329741e-16
"71",-3.1262510766367e-19
"72",5.11456072824155e-17
"73",9.82308833960455e-17
"74",-1.82613588150146e-16
"75",-1.30904544597327e-17
"76",1.57200834242819e-17
"77",-1.94126505121371e-16
"78",1.9803062696986e-16
"79",-1.15429378412312e-16
"80",-1.19500802305365e-16
"81",-1.44527835154339e-16
"82",1.64984671120686e-16
"83",2.13519297964763e-16
"84",-8.33356788916534e-17
"85",-1.62317547791849e-16
"86",-5.70967172634863e-17
"87",-1.04177990182788e-16
"88",-9.94754820821694e-17
"89",-2.2060407332483e-16
"90",-1.71437100860473e-16
"91",1.17361410537777e-16
"92",8.52882218962642e-17
"93",6.5718784401491e-17
"94",-5.85535588769776e-18
"95",-4.01704138735945e-17
"96",-1.52617525134382e-16
"97",3.87158160649862e-17
"98",-1.50874175074798e-16
"99",1.01594910516328e-16
"100",3.71951825822154e-17
"101",-1.65125595828896e-17
"102",1.4150838802152e-17
"103",9.38220958027849e-17
"104",1.4199754425947e-16
"105",1.52617529796192e-16
"106",-3.14942245280225e-17
"107",-1.3326631544123e-16
"108",2.05503536982333e-16
"109",-1.51609290360908e-17
"110",6.70685955424689e-19
"111",-2.00487473808527e-16
"112",-1.09527462162093e-16
"113",-2.40449706582009e-17
"114",-1.71992502833258e-16
"115",-5.5009800224625e-17
"116",-1.50835078676061e-16
"117",1.50054400804191e-16
"118",1.26902039700129e-16
"119",-9.44690134686894e-17
"120",1.63193722801917e-16
"121",1.8020690503845e-16
"122",9.9410586638618e-17
"123",2.18699274626261e-16
"124",3.7801604813149e-17
"125",2.09243769604884e-16
"126",-9.26134603018291e-17
"127",-1.93233254040481e-16
"128",1.14603199036915e-16
"129",1.40907065191396e-16
"130",8.06060018785727e-17
"131",-1.70632634210287e-16
"132",-6.71168174805003e-17
"133",1.5425033501518e-16
"134",-7.98177871635037e-17
"135",5.03653384610781e-17
"136",4.93309587739399e-17
"137",1.14160128985778e-19
"138",1.55167988348587e-16
"139",-3.84805112143747e-17
"140",-1.52314607751372e-16
"141",-3.97202177782727e-17
"142",-2.00803596223804e-16
"143",-2.47219169962766e-17
"144",1.55206017303288e-16
"145",-2.1393354652505e-16
"146",4.02957993697041e-17
"147",1.57681071078542e-16
"148",-0.000103506634008245
"149",1.09426576023652e-16
"150",5.0590427306789e-18
"151",1.58738913868414e-17
"152",-2.03400431005462e-16
"153",-1.405118532228e-07
"154",1.32310816634021e-16
"155",7.97418298479697e-17
"156",-5.69664436902293e-17
"157",1.65027310679187e-16
"158",-6.67696340281752e-17
"159",-5.37112706129898e-17
"160",-1.33572348346708e-16
"161",1.11045742375939e-16
"162",1.03911737782159e-17
"163",4.89468222486579e-17
"164",1.31135849146776e-16
"165",2.0832650120073e-16
"166",-1.77611512850474e-16
"167",3.25109766083165e-17
"168",1.57962074344837e-16
"169",-1.97288984069198e-16
"170",3.95287760209393e-17
"171",1.62768655486463e-16
"172",-1.70292472679445e-16
"173",1.800095500799e-16
"174",1.49267542261571e-16
"175",1.89274829125364e-16
"176",5.94772330488731e-17
"177",1.08630051041007e-16
"178",-3.46325003891485e-06
"179",-1.25129747044115e-16
"180",1.97064273886664e-17
"181",6.63213531104654e-17
"182",-6.03765437168232e-09
"183",-1.35789305631887e-16
"184",-1.90460336485625e-16
"185",-6.67496378633867e-17
"186",1.25436324609334e-16
"187",-7.93200088674795e-17
"188",-1.79902787584476e-16
"189",1.10034117937263e-16
"190",-1.58772897551281e-16
"191",1.26599657745337e-17
"192",-2.62508675689087e-18
"193",-4.43031105799963e-17
"194",-1.40045244851039e-16
"195",-1.12821590877601e-16
"196",1.66738484552747e-17
"197",-1.98875706078017e-16
"198",-5.85881361122559e-17
"199",2.67120019424081e-17
"200",-1.43261352874418e-16
"201",-1.8379043719655e-05
"202",-1.13473806844382e-07
"203",-2.14702361192941e-16
"204",-1.99608914628919e-16
"205",-1.55173908331817e-16
"206",9.25667923301829e-17
"207",-1.6505956774184e-17
"208",-6.34704917244697e-18
"209",1.75029103191928e-16
"210",3.79662872640159e-17
"211",-3.38219303765768e-17
"212",-1.66032186996354e-16
"213",2.64430206308247e-17
"214",-1.01449635770529e-16
"215",-1.6308379051647e-16
"216",-9.5108500762869e-17
"217",-1.32185803529183e-16
"218",-9.10760969500738e-17
"219",-1.06858204761968e-16
"220",2.11965685570994e-16
"221",-1.70148867429761e-16
"222",-1.10128324738829e-17
"223",1.61693985288072e-17
"224",-2.0166513916892e-05
"225",-9.41212168903597e-17
"226",4.859275163261e-18
"227",-7.38193156992455e-17
"228",-8.00538391092011e-17
"229",1.32586798086936e-16
"230",-1.83837267861379e-16
"231",-1.6146140714718e-16
"232",-1.72231796374322e-16
"233",-1.9335285571109e-17
"234",1.58821023519171e-16
"235",2.18412304392593e-17
"236",-2.15910952068578e-16
"237",1.25176817329359e-16
"238",2.38431623388353e-17
"239",8.13424942439495e-17
"240",-6.46874620886386e-18
"241",-3.08633386791501e-05
"242",2.66786685456963e-17
"243",1.43034632614504e-17
"244",-1.35033450957569e-16
"245",5.93893050872116e-17
"246",1.27514209408957e-16
"247",-2.19935178773771e-16
"248",1.52478649689337e-16
"249",-5.74371236805641e-17
"250",-5.13299049633176e-17
"251",2.19526115368181e-16
"252",2.19711517183816e-16
"253",-1.20659169795913e-16
"254",-1.00236247684648e-16
"255",7.97945273969244e-17
"256",3.63290209545239e-17
"257",-8.06254131552937e-17
"258",-7.945321261705e-17
"259",1.30067793483253e-16
"260",-1.48161261550879e-16
"261",-3.60578087717495e-05
"262",-1.45215351087078e-16
"263",1.78595213270616e-16
"264",1.84142449864437e-16
"265",-1.16478047340701e-16
"266",-5.70991072193841e-17
"267",1.26506247326155e-16
"268",-3.30589430327499e-14
"269",-0.000320533569777545
"270",-1.56185125606061e-07
"271",-1.99385962606048e-16
"272",-1.97278761681543e-16
"273",4.85462909766229e-17
"274",1.01691065020476e-16
"275",-8.45292218868642e-17
"276",9.56690078946779e-17
"277",-1.21941318294123e-16
"278",-1.2509792871642e-16
"279",3.41746186940582e-17
"280",9.6249562270233e-17
"281",-0.000343822907396711
"282",2.15428221685315e-16
"283",1.35678675820779e-16
"284",-2.13159717606334e-16
"285",1.12706119307436e-16
"286",-1.40681270255649e-16
"287",1.60195051003556e-16
"288",4.49107643413112e-17
"289",-4.4592056227649e-17
"290",1.42660215003044e-16
"291",-1.44313254144473e-16
"292",1.50811651890011e-16
"293",-2.15325885778246e-16
"294",1.0712245712035e-16
"295",-0.000169215045596565
"296",1.75512747701991e-16
"297",1.24045967236722e-16
"298",-5.9414348548408e-17
"299",-1.56185125741708e-07
"300",-3.57463150909524e-06
"301",-8.67947511315448e-17
"302",-1.11645261266931e-16
"303",-7.49017394614215e-17
"304",-5.8855943108823e-17
"305",1.95025823494415e-16
"306",-4.32144562809579e-17
"307",1.20383694281544e-16
"308",7.9814618496136e-17
"309",-8.77647878244483e-17
"310",1.68552588406256e-16
"311",-1.16062945401913e-16
"312",-1.15167329049236e-17
"313",-2.38077576304367e-17
"314",-3.8865851206463e-17
"315",7.51093222717267e-17
"316",-3.09595586400848e-14
"317",1.57207225899202e-16
"318",1.48894835424197e-16
"319",6.45503202637565e-18
"320",3.29774561531759e-14
"321",-1.38470764281703e-16
"322",-1.56185125680267e-07
"323",-1.05274393950177e-16
"324",8.12200381559851e-17
"325",-1.9227367504868e-08
"326",-1.25690842665264e-17
"327",8.33576741114778e-17
"328",-3.88136753944057e-17
"329",-1.56185125662102e-07
"330",3.0497988621799e-17
"331",-1.56185125547594e-07
"332",-1.99535934016156e-05
"333",4.72023618107717e-17
"334",2.34245802519566e-17
"335",1.06179372450677e-17
"336",4.94014175262573e-17
"337",9.71451901502616e-17
"338",1.85678233370928e-16
"339",5.72797587876153e-17
"340",1.08592275268941e-16
"341",-7.56154354667482e-17
"342",-7.79473497372441e-17
"343",-6.13759567058246e-18
"344",5.9791743536651e-14
"345",-9.72205967912005e-17
"346",-1.95858420541188e-16
"347",1.73474422423873e-17
"348",-1.93980020538715e-16
"349",7.86468286256291e-17
"350",1.74317786299354e-17
"351",-7.56775617836659e-18
"352",-7.1065483314016e-17
"353",4.32276878091558e-17
"354",-4.64627383273249e-17
"355",-2.14712751580415e-16
"356",1.54439575533669e-16
"357",-7.51323958666067e-17
"358",6.89338452851791e-17
"359",-3.08633386790001e-05
"360",-0.000484145829173487
"361",-5.51119678786982e-07
"362",-0.012191558576063
"363",2.99294691363669e-14
"364",-6.32822288127408e-17
"365",-2.03681383596215e-17
"366",-1.84601836434659e-16
"367",1.03037399649487e-16
"368",-2.07813692997157e-16
"369",1.11614368862715e-16
"370",-1.51377151966419e-16
"371",-8.55927987978318e-17
"372",-0.000401200784413005
"373",-7.44962131655065e-11
"374",-0.000697179373234372
"375",1.49848833748116e-16
"376",-9.12625686665263e-17
"377",-9.18248152015443e-17
"378",2.79364980331051e-17
"379",-3.6379540997798e-17
"380",-1.11156608753891e-16
"381",-2.17030173984108e-16
"382",-8.61096436876926e-17
"383",9.73691405112935e-17
"384",-1.12302273419702e-16
"385",1.45353272148859e-16
"386",-1.47591233087834e-05
"387",-3.08633386789814e-05
"388",1.8497250028258e-16
"389",1.48743289329857e-16
"390",-0.00254804961728371
"391",-1.24754098775061e-16
"392",-1.08782636474508e-16
"393",2.8066678798051e-17
"394",2.17638697017436e-16
"395",-3.74246015706661e-17
"396",-8.13397219728042e-18
"397",1.9087901904389e-16
"398",-1.94126146518886e-17
"399",4.85357987951032e-17
"400",1.25122639748147e-16
"401",5.03678595769565e-17
"402",-0.000551531346815594
"403",-7.02098316360722e-17
"404",-9.20172692633736e-17
"405",-1.64466693501404e-06
"406",9.67725188495463e-17
"407",-1.39304071996565e-16
"408",5.63644836302341e-17
"409",-8.18670159324062e-17
"410",8.37612205681064e-17
"411",2.15735833681886e-16
"412",1.74711560366603e-16
"413",-9.22175359041504e-18
"414",-1.21397677966186e-16
"415",1.23292197565455e-16
"416",1.96003630401741e-16
"417",1.89784147144574e-16
"418",1.49558595741104e-16
"419",-9.88549132704597e-17
"420",8.95653461224649e-17
"421",1.98070433549899e-16
"422",9.75848321229586e-18
"423",1.88936789429925e-17
"424",-8.80659894467677e-18
"425",2.36155252515393e-17
"426",1.54067239744122e-16
"427",9.44272079852834e-17
"428",-1.47031035723885e-16
"429",-8.62151478695976e-17
"430",-3.42966125724116e-17
"431",-7.99529015570826e-17
"432",7.44269786079035e-17
"433",-1.94930335939719e-05
"434",-0.000270542432259851
"435",2.4161285001838e-15
"436",-0.000114513386240385
"437",-1.56852021161462e-16
"438",2.07629298176977e-16
"439",5.39833800794798e-17
"440",4.57620052328971e-18
"441",-3.34645545148785e-17
"442",-1.0559166576996e-16
"443",-7.91473400452294e-17
"444",-1.60166046834942e-17
"445",2.05031737339723e-16
"446",1.66460661968324e-16
"447",-2.08657369276552e-16
"448",1.37307288115738e-16
"449",6.55844300526869e-17
"450",-5.0346245121635e-17
"451",-4.75664297958899e-17
"452",1.64720631574191e-16
"453",-2.33010751367561e-17
"454",-2.00589966354099e-16
"455",6.30306939954153e-17
"456",-1.48983590011226e-16
"457",-2.08971401479126e-16
"458",1.06043299421426e-16
"459",1.09540052749081e-16
"460",3.32831467423609e-17
"461",-1.3806103239244e-16
"462",-1.75498066520076e-16
"463",1.12472216979174e-16
"464",-1.1490878627376e-16
"465",-0.000270542432259723
"466",-0.000370352977449347
"467",1.04459361013704e-16
"468",-7.3165273455113e-17
"469",1.69609126324062e-16
"470",1.27954389316331e-16
"471",4.45371879112772e-15
"472",-2.06927197327615e-17
"473",-1.63821581422184e-05
"474",1.42747283807493e-16
"475",5.54532691705465e-14
"476",-0.00838965662995471
"477",1.83674919638121e-16
"478",-8.26667208207383e-17
"479",1.4901275071851e-14
"480",-1.47732508294401e-16
"481",-0.000262594248925377
"482",-0.000538660832554421
"483",2.07406503778601e-16
"484",1.84580487379349e-16
"485",2.54460747345314e-18
"486",-1.19055149242146e-16
"487",-1.82129440549744e-08
"488",1.10599227522336e-16
"489",6.17900365785847e-17
"490",-1.18770024776235e-16
"491",1.96611651009493e-20
"492",-1.10082308891748e-16
"493",-7.56339978342483e-17
"494",-8.02703932499469e-17
"495",-1.12764763788518e-16
"496",-3.86757664598672e-05
"497",1.18824670593362e-16
"498",-0.00243027192266907
"499",-0.0183281631941878
"500",-0.00026259424892561
"501",-5.13613911255992e-17
"502",5.67069803539964e-17
"503",-3.50488211627984e-06
"504",7.45719322761734e-15
"505",-6.7647461111372e-17
"506",1.46983891704192e-16
"507",-1.07641787869708e-16
"508",1.49989263396798e-16
"509",1.99554976048091e-16
"510",-7.1250400317458e-17
"511",-6.248671404674e-07
"512",-1.98114756789293e-16
"513",6.97572241845043e-18
"514",-0.01355954259761
"515",-0.00179050089311527
"516",2.12854775243497e-16
"517",1.70805938360814e-14
"518",-0.00122815610658013
"519",-0.00805872239580255
"520",-0.00129955304318687
"521",2.57239686309385e-17
"522",-8.47252099449872e-18
"523",-1.19758781591644e-16
"524",-1.56141214344576e-06
"525",-0.00316219373809864
"526",-2.37454111652421e-05
"527",-4.41298059262183e-14
"528",7.55044740763868e-17
"529",2.38458510934494e-17
"530",-1.0708042780348e-16
"531",-1.52201526856571e-14
"532",1.45167972636398e-16
"533",5.60948055612969e-17
"534",-1.93566227032909e-16
"535",-2.05185148865311e-16
"536",1.08281538490511e-16
"537",1.89075355351671e-16
"538",1.65969077394257e-16
"539",-1.16169672304789e-17
"540",1.49906714988272e-16
"541",-5.51119678649212e-07
"542",-5.51119678467714e-07
"543",-1.50408330366665e-16
"544",-0.000106969884047234
"545",3.35432403711319e-17
"546",7.61488433614502e-17
"547",-9.41638379226614e-17
"548",-3.38255236073359e-17
"549",-1.64108742750095e-16
"550",-1.14015079119851e-16
"551",-0.00648774290016702
"552",-0.00165979788038126
"553",4.89506893111538e-17
"554",-1.92020456517986e-16
"555",-4.66667639034543e-17
"556",6.09551500246322e-17
"557",-0.000128753094005685
"558",1.97573507260616e-17
"559",4.33247130188304e-17
"560",1.14382892656105e-16
"561",1.8409900566799e-16
"562",-6.42476135817871e-06
"563",1.21503385405533e-17
"564",9.24660252248784e-17
"565",1.73922166035161e-16
"566",-4.35433184224117e-05
"567",-1.32712493642071e-16
"568",-1.20902948205604e-17
"569",-1.18870279527578e-12
"570",-1.60452028505265e-16
"571",1.12703795314893e-16
"572",-9.32440029186316e-17
"573",1.04145732876968e-16
"574",5.18066696879338e-17
"575",1.42545511181909e-15
"576",-0.000222707907872631
"577",1.17800413647441e-16
"578",-1.29858622084918e-16
"579",3.81791115719527e-18
"580",2.19295072152122e-16
"581",-4.35433184224389e-05
"582",-7.25057727384088e-17
"583",3.25803226001247e-14
"584",1.38192311370515e-16
"585",-2.04087307718168e-16
"586",1.6135599608282e-16
"587",-1.30372845058551e-16
"588",-1.97179365687216e-16
"589",1.4533326044369e-16
"590",-4.66973674119906e-17
"591",-0.000559515217811196
"592",6.71856180432071e-17
"593",1.33353433658687e-15
"594",-2.03866993351093e-14
"595",-6.74881193598596e-16
"596",-8.83148561694901e-15
"597",-3.72463039015181e-11
"598",-0.000197558720422371
"599",-1.333329896802e-16
"600",-0.00250753886644973
"601",2.00103403862779e-16
"602",2.02260903548246e-16
"603",-2.59097586125895e-05
"604",-1.17682396270621e-16
"605",-0.00575530785764357
"606",-2.03903452821876e-14
"607",-0.000114513386240797
"608",1.23391864099128e-16
"609",1.30512199960826e-16
"610",7.51775133026429e-15
"611",-8.80372323956084e-17
"612",-9.09357996527321e-17
"613",2.36742029820244e-18
"614",1.05213917826582e-16
"615",-9.34236198206441e-17
"616",5.36409863037278e-17
"617",-8.44583110625233e-05
"618",1.17525161814502e-16
"619",-1.59202720147329e-05
"620",1.34493816765393e-17
"621",-1.59188420507984e-16
"622",-1.68511455608442e-08
"623",2.44366567681763e-17
"624",-0.00245051941525689
"625",4.64466752358074e-14
"626",-0.000114513386240399
"627",-2.5091209161464e-15
"628",-0.00101660458210767
"629",-1.41804512470455e-16
"630",7.51316049544248e-17
"631",3.26667020235676e-14
"632",-1.60927022287645e-17
"633",-0.0071165226316441
"634",4.25116123616361e-17
"635",-2.15308888879728e-16
"636",-0.00717680811374431
"637",-1.81314718522669e-06
"638",-1.61931655556245e-16
"639",-0.000125671727174061
"640",1.54848773495219e-16
"641",-8.46170839204565e-05
"642",-1.58662512273036e-14
"643",1.4094589611882e-17
"644",-6.93694599354073e-16
"645",-8.40303056698439e-17
"646",-1.39330844467904e-16
"647",-1.82896334505042e-17
"648",-3.21811000435675e-17
"649",-0.000271348802713656
"650",-0.000107988195846872
"651",-1.4204081443217e-16
"652",-3.27793452977149e-06
"653",-5.21966768748831e-05
"654",6.89382045535462e-17
"655",2.31194343257802e-14
"656",1.77850463242033e-16
"657",-8.26599925275839e-18
"658",-0.00388480140990945
"659",-2.70755364091772e-17
"660",-0.0108024767969504
"661",-7.450253075685e-18
"662",-7.71408669613657e-17
"663",-5.35961519910762e-16
"664",-3.88480012079464e-05
"665",2.10372807263173e-16
"666",-3.60574382357791e-11
"667",-7.52253236041726e-17
"668",-7.68779927107034e-07
"669",1.91233566523971e-16
"670",1.58507582023347e-16
"671",-1.85941714963233e-16
"672",1.22629901438147e-16
"673",5.27045174530525e-17
"674",-0.192074471030796
"675",-7.64242458395233e-07
"676",2.08778854493279e-16
"677",-8.43160336331944e-17
"678",-1.15657411849122e-16
"679",-9.44079905321912e-17
"680",1.8607578473075e-16
"681",-3.9548703623212e-17
"682",-1.87416947872915e-16
"683",-0.000659886000427603
"684",-0.00488349563522321
"685",-2.63721689211506e-18
"686",-7.70518472137939e-05
"687",-1.84660983929536e-16
"688",-9.71076222890718e-17
"689",-9.84893265781088e-17
"690",1.00769541756172e-15
"691",-0.00358675336467121
"692",-0.0001094671822495
"693",-2.09914178738543e-16
"694",-5.30912037631732e-07
"695",-0.00163786453877862
"696",-1.3861433956332e-17
"697",-8.76243573926935e-17
"698",-7.35450311070125e-17
"699",1.77962002629961e-16
"700",-2.15349028727109e-17
"701",-4.8805604558434e-17
"702",-1.90378620344882e-08
"703",2.15372276549976e-18
"704",-3.14898431366588e-17
"705",-3.90939823983288e-17
"706",2.58379415222088e-17
"707",1.53691122890321e-16
"708",-4.20742443445453e-05
"709",-1.02127776406042e-16
"710",-1.00163421906481e-09
"711",1.97783165377855e-16
"712",-9.72990808242009e-18
"713",2.40170875963105e-15
"714",2.05373064799692e-16
"715",1.12275174536949e-16
"716",-0.000504901731006041
"717",-1.56185125603774e-07
"718",-2.28791825689998e-17
"719",-4.2783087501769e-17
"720",-0.000473233682839648
"721",-1.91170644352601e-16
"722",-0.208743926599166
"723",-5.79260722355496e-18
"724",5.86889139976758e-18
"725",-6.61777481238052e-17
"726",-8.6886258494662e-17
"727",4.08347658236469e-17
"728",-0.000201331761077548
"729",8.92298272786411e-18
"730",-1.38367624287634e-05
"731",-1.50774010220796e-17
"732",9.83777950461409e-17
"733",-4.64869788236735e-17
"734",9.70763052380182e-17
"735",-8.95536357423204e-17
"736",-1.34553687713172e-17
"737",-1.92959783945842e-16
"738",-1.56141214351729e-06
"739",3.82204325072083e-17
"740",-3.62320227276355e-14
"741",-1.24902607486637e-16
"742",-1.84882308443505e-16
"743",1.96885345723572e-15
"744",-0.177764995279737
"745",-1.20664974505129e-17
"746",1.19226783769264e-16
"747",-1.90378618055256e-08
"748",-9.41665057348463e-05
"749",1.09487063861834e-16
"750",-6.69513560667651e-17
"751",2.18110180580551e-16
"752",-1.9194712538526e-16
"753",9.88660745451559e-17
"754",-1.57891987600932e-16
"755",9.72613983885624e-17
"756",-1.99357646793827e-16
"757",-3.00781100978928e-18
"758",8.11525967559938e-15
"759",3.68561890674404e-17
"760",-8.92200440162025e-17
"761",2.80142482483041e-17
"762",1.72850518402867e-16
"763",-1.1718121504315e-16
"764",1.75776386233012e-16
"765",-0.00012567172717412
"766",6.84825222743518e-17
"767",8.9483363581025e-17
"768",-1.13693323819061e-16
"769",6.61312277469856e-16
"770",7.46686091897589e-17
"771",1.95362819351075e-16
"772",-0.00575530785755294
"773",-0.000290323313737429
"774",1.31130408170397e-16
"775",1.70159663743452e-16
"776",-0.00535697906575848
"777",-0.00327590869367019
"778",3.59963335973108e-18
"779",-1.30843978783758e-05
"780",-1.34646916967595e-16
"781",-0.000253745882361686
"782",1.50371876591446e-16
"783",1.94931172124122e-16
"784",1.55007481325153e-16
"785",-2.38313441901848e-15
"786",5.27781420968334e-17
"787",-1.68807416387654e-16
"788",3.34919525795662e-17
"789",3.86426145090978e-17
"790",-6.67907335601085e-17
"791",8.45228157372859e-17
"792",1.93903478022248e-16
"793",-5.29546704052947e-07
"794",-1.75091612128457e-16
"795",-1.00089782822591e-14
"796",-1.77235893516763e-16
"797",-1.19056342750443e-16
"798",1.44867939849243e-16
"799",-3.19285110052583e-17
"800",2.06471869600357e-16
"801",-1.33779804658649e-16
"802",-3.87324750213538e-16
"803",-1.59068377164645e-16
"804",9.82558269581104e-17
"805",-1.63008857917121e-16
"806",-3.83575733760893e-17
"807",-0.010619706020624
"808",-1.37185924025393e-16
"809",-6.55250576474436e-16
"810",-1.93887011177277e-16
"811",3.53073223006728e-17
"812",-3.5237360110607e-17
"813",-7.57161760164027e-16
"814",-1.68339098125154e-16
"815",7.15376230611066e-17
"816",1.36934526202573e-16
"817",-1.07042126603943e-16
"818",-9.66043277038608e-17
"819",-1.6697742208737e-16
"820",1.88580215197156e-16
"821",-9.39056966905486e-05
"822",-9.39056966906294e-05
"823",6.22017520054344e-17
"824",1.42990515553423e-15
"825",-0.00104598396898749
"826",3.66106445261153e-17
"827",1.77817780136703e-16
"828",-7.71139414512903e-17
"829",-2.76289136776193e-17
"830",-1.38019302941668e-16
"831",3.59593683002041e-14
"832",-1.18623611009532e-16
"833",-0.00621859050838061
"834",-8.78619555163818e-06
"835",-0.000473233682839772
"836",5.96396219770727e-18
"837",-0.217624311946991
"838",5.40648843405382e-17
"839",-8.44583110626062e-05
"840",-8.27305153221365e-17
"841",1.666579168877e-16
"842",-0.00121277292034087
"843",8.10824804598084e-15
"844",4.12495941711274e-15
"845",-9.20137952452792e-17
"846",1.1529419700323e-16
"847",4.79759231208517e-17
"848",-0.000504901731006422
"849",1.7066469477964e-14
"850",-7.98975539825707e-17
"851",-1.80279848508358e-16
"852",6.0593052897849e-17
"853",-1.58287727528056e-16
"854",-7.73641069057944e-16
"855",-4.51708451218751e-15
"856",1.88045396914653e-16
"857",6.04502865207753e-19
"858",7.11474231990558e-18
"859",-5.62544581101893e-07
"860",1.51491738131122e-19
"861",-1.05898391608505e-16
"862",-1.91628660358318e-16
"863",-0.25279713311607
"864",1.56086084833951e-16
"865",-1.56185125483558e-07
"866",1.85253643317791e-16
"867",-2.08720686099389e-16
"868",4.05255035127946e-17
"869",1.15262140892942e-16
"870",-1.38293527912206e-15
"871",-1.70872837147829e-14
"872",-0.0012281561065799
"873",2.21118513696429e-15
"874",-1.57196590740339e-08
"875",7.09593626532473e-17
"876",-3.3283464274712e-17
"877",2.6283995963341e-17
"878",-3.77438711719458e-17
"879",2.96350097618013e-17
"880",5.80871585264531e-17
"881",5.18732107080578e-17
"882",-1.68079864883135e-08
"883",3.11129730798309e-17
"884",1.54776157957061e-16
"885",-7.50887692871167e-17
"886",-2.18143873741958e-16
"887",-8.72005752463392e-17
"888",4.29309066892518e-17
"889",-1.53902123682374e-16
"890",-1.40660157046346e-16
"891",-1.29723526872745e-16
"892",5.54462468923792e-17
"893",2.1610827308422e-16
"894",8.91200806057431e-18
"895",2.3653117023048e-15
"896",-1.56185125719889e-07
"897",-6.37634904294314e-17
"898",-1.31968830891248e-16
"899",5.41119141003915e-17
"900",-0.0003438229073677
"901",4.8722401839477e-17
"902",7.29568901045683e-17
"903",-0.025418941504629
"904",1.56316954377408e-16
"905",9.21149499444327e-17
"906",-7.37783263823088e-17
"907",-1.13473779879666e-07
"908",8.17833555478346e-17
"909",1.56730030489277e-16
"910",-4.50246272272621e-17
"911",2.17519734188536e-16
"912",-2.70642197961721e-05
"913",5.20891352259651e-17
"914",-7.29447371048496e-18
"915",-1.57196591389635e-08
"916",1.04138192759042e-16
"917",9.20932954128354e-17
"918",-4.79531357776048e-07
"919",1.66010657719396e-16
"920",-5.94283948551797e-17
"921",1.05981566585282e-15
"922",1.84405688857021e-17
"923",5.43913845692408e-17
"924",1.51811719351729e-16
"925",-1.12982675022915e-16
"926",-7.30006052218807e-17
"927",2.16160371794136e-16
"928",1.11929327806172e-15
"929",-2.69007381078631e-17
"930",9.32512024696995e-17
"931",3.71476669239532e-17
"932",7.90365479194046e-17
"933",-0.00885193564460908
"934",-9.66871991232708e-17
"935",-1.50630758578051e-16
"936",1.18140726257402e-16
"937",2.33810423539673e-15
"938",5.58391346255797e-17
"939",1.98334156888473e-16
"940",1.88120691515844e-16
"941",-0.000168079892693944
"942",-2.91864319972027e-17
"943",-0.000650323223793555
"944",3.40315887597358e-17
"945",-1.49419265665106e-16
"946",9.12876300920813e-17
"947",-0.00990385967281841
"948",-3.6577431375537e-05
"949",-1.91098461534959e-16
"950",-0.0345609179326203
"951",5.76639580251064e-17
"952",1.62764231740722e-17
"953",-5.63430210319751e-17
"954",-1.95556879761851e-16
"955",4.15497688359181e-17
"956",-0.000245392507244534
"957",2.42993425691282e-17
"958",-4.23557542476966e-17
"959",3.33194193472651e-14
"960",-1.59846425549846e-16
"961",1.63116682615713e-16
"962",1.73862989731012e-16
"963",-7.27719828464603e-17
"964",-1.46939473820449e-16
"965",-3.59769436455227e-17
"966",-7.00505300790433e-17
"967",-2.12545608347736e-16
"968",-0.00948461186487584
"969",-1.85859545190746e-16
"970",1.3476866924953e-16
"971",-2.05895920575957e-16
"972",-0.000427378010081972
"973",9.75482849853329e-17
"974",-9.68275528863699e-17
"975",3.37343630795182e-14
"976",-1.49078412117857e-16
"977",-1.46998626668812e-16
"978",-7.04587423539098e-17
"979",-1.01654678223398e-16
"980",-6.32582768456851e-17
"981",-1.64466693493148e-06
"982",-1.53965759901802e-17
"983",-7.229213410969e-17
"984",-3.04391380481158e-05
"985",-9.98949947822365e-15
"986",-0.000356666934300335
"987",-1.8411510246961e-16
"988",9.86345632781389e-17
"989",-0.000473233682839801
"990",-0.00436531897139244
"991",3.7020325835563e-17
"992",-1.48057412926728e-16
"993",-1.56185125859113e-07
"994",-0.00554885127503521
"995",-1.15396495754878e-17
"996",-1.58723898925333e-17
"997",-1.40328287119837e-16
"998",-8.92510050518464e-05
"999",-7.19759385202364e-17
"1000",1.13382512994857e-16
"1001",-4.76917808683587e-14
"1002",-4.2671803689931e-17
"1003",1.64834336649495e-16
"1004",1.1179264885795e-16
"1005",-1.38367623975269e-05
"1006",-0.192329687874875
"1007",-0.013062213389922
"1008",-0.0109932485857012
"1009",-4.52107314767413e-17
"1010",-5.42866024646285e-17
"1011",-1.49541022578549e-16
"1012",-7.58178825377766e-17
"1013",4.79317563898033e-17
"1014",-1.63730963105898e-16
"1015",-0.0140235288331331
"1016",-0.000920607631145739
"1017",-5.654349114733e-08
"1018",-7.75133780577738e-17
"1019",-1.46132964348534e-07
"1020",2.00654007701693e-17
"1021",-1.17566419498317e-08
"1022",2.0619254189773e-16
"1023",6.5647678537141e-17
"1024",-1.56489529632575e-16
"1025",5.69552621041432e-17
"1026",-0.217818162978932
"1027",-0.00757526515601483
"1028",-1.56141214344014e-06
"1029",-0.00116498678486344
"1030",9.70430038718139e-17
"1031",2.52409591627925e-17
"1032",1.42908269051973e-16
"1033",1.80308026441528e-16
"1034",-1.75382408578694e-16
"1035",-2.16696840399431e-16
"1036",-4.15855541489401e-17
"1037",1.87166145846087e-15
"1038",-8.43501305990577e-17
"1039",-0.000346484753743873
"1040",-3.05241735133412e-17
"1041",-1.73908223235327e-16
"1042",-1.43521961399067e-05
"1043",-8.33926337971682e-17
"1044",1.3112130989852e-16
"1045",8.05558416135447e-18
"1046",1.00335546541643e-16
"1047",-1.52343749279816e-15
"1048",1.12878315625735e-16
"1049",-0.00122815610658023
"1050",1.01513189460796e-17
"1051",1.64446636730625e-16
"1052",-2.02839893917731e-16
"1053",-1.57412163876144e-16
"1054",1.2480502364104e-16
"1055",2.17500278962783e-16
"1056",-1.8919385003847e-09
"1057",1.98319622038363e-16
"1058",-0.000122706020103725
"1059",-0.00110106289317034
"1060",-3.23762097541902e-17
"1061",1.60195743813678e-16
"1062",-0.160104779348742
"1063",-1.62109009205956e-05
"1064",-0.00013581527375066
"1065",-6.86157854215994e-17
"1066",-2.2314053190891e-18
"1067",-1.16507845037681e-17
"1068",1.68150317720485e-16
"1069",-1.77724341800425e-16
"1070",-7.45699181027591e-17
"1071",9.81133037136549e-17
"1072",4.99157492668927e-17
"1073",4.78631106241427e-17
"1074",-0.000929602417364766
"1075",2.1888922792599e-15
"1076",-1.56746736645202e-05
"1077",-1.00878916103614e-16
"1078",-6.5233981920322e-17
"1079",1.31877961388399e-16
"1080",-0.000812554065701374
"1081",2.10731817078038e-16
"1082",1.73750968490001e-16
"1083",1.37622073591969e-16
"1084",3.61884917082197e-14
"1085",-0.000395290067898886
"1086",-9.66309483486306e-17
"1087",-7.33431860659918e-17
"1088",-3.57119942328445e-17
"1089",6.56477768356562e-17
"1090",1.51085641600929e-16
"1091",9.163887861535e-17
"1092",1.45602637786009e-16
"1093",-2.63256260348879e-05
"1094",-7.57536833995244e-17
"1095",-0.201179057278436
"1096",-0.00847081154290223
"1097",-3.49333020775958e-17
"1098",6.98312806294932e-17
"1099",-0.000293139039396197
"1100",-8.80582630847704e-17
"1101",-0.00233887401683753
"1102",-4.51047305663018e-05
"1103",7.45601497170653e-14
"1104",-0.00286605659898474
"1105",1.0411489792159e-16
"1106",1.45548468864235e-16
"1107",-1.47671367008731e-17
"1108",1.87510163462463e-16
"1109",-0.000621371198999227
"1110",-1.10355074469366e-16
"1111",1.66695104619972e-16
"1112",1.47751733849589e-16
"1113",3.30376536097679e-17
"1114",-1.20375815607705e-16
"1115",1.26814838852101e-16
"1116",2.90781288097112e-17
"1117",2.06211709512061e-16
"1118",-1.89070816176325e-16
"1119",7.66655884361283e-15
"1120",1.03201281192268e-16
"1121",-3.88177074911309e-05
"1122",-0.00111672874249518
"1123",1.06880576361538e-16
"1124",1.26110730183604e-16
"1125",9.610133321146e-17
"1126",5.27148137698335e-17
"1127",1.2904040829736e-16
"1128",-0.000473233682839788
"1129",-1.16466078380896e-16
"1130",-3.35995920182425e-06
"1131",-3.33182434037589e-17
"1132",6.34515094280664e-17
"1133",-1.79847958386872e-16
"1134",1.32751783368705e-16
"1135",1.70425057451689e-16
"1136",-0.000882864266734761
"1137",-1.89193846185856e-09
"1138",-0.165489652971853
"1139",-1.09503024047679e-16
"1140",1.70138987949657e-16
"1141",-1.74303016507616e-16
"1142",-6.82675205562161e-17
"1143",6.79418198403271e-17
"1144",5.19365929085509e-17
"1145",-5.55231564839223e-05
"1146",7.40821895845009e-17
"1147",2.12806576540926e-16
"1148",-4.22070364906904e-05
"1149",-1.17566420420833e-08
"1150",-2.59097586126958e-05
"1151",-1.0135430331702e-16
"1152",-8.44583110628018e-05
"1153",-1.66801184716961e-16
"1154",-3.97272206000391e-06
"1155",6.89652555650208e-17
"1156",-2.03187806055082e-05
"1157",6.06838022843511e-17
"1158",-1.86856967022323e-05
"1159",-1.46132964105743e-07
"1160",-3.17107322778897e-17
"1161",-1.21752610433411e-16
"1162",-1.52069286862711e-16
"1163",-1.17566419164429e-08
"1164",-1.39757189793978e-16
"1165",-6.29848756900937e-17
"1166",2.84876821881735e-17
"1167",6.51341442738035e-17
"1168",6.65609181230413e-17
"1169",-0.0103013781602681
"1170",-1.84962961358983e-16
"1171",-5.56120830278558e-17
"1172",-1.0775949353824e-16
"1173",1.50923121445303e-16
"1174",-1.22085716750398e-16
"1175",1.09349493415626e-16
"1176",-0.000309030108580877
"1177",-1.56568589301696e-16
"1178",8.19139590383653e-17
"1179",-4.77976264191967e-17
"1180",1.64955680134015e-16
"1181",-0.000489615840981988
"1182",1.61671745705925e-16
"1183",-0.000105471469177312
"1184",1.65175790686706e-16
"1185",-1.83790437194381e-05
"1186",-1.10351625478935e-16
"1187",1.89173998915059e-16
"1188",-2.78237671511015e-14
"1189",-2.04440200299446e-16
"1190",-0.000395290067898645
"1191",1.33204350138408e-16
"1192",-5.04824244289656e-05
"1193",1.09826411576694e-15
"1194",-1.28639850220479e-05
"1195",-0.000454294971248292
"1196",-0.0357172988639492
"1197",-1.36444593088461e-16
"1198",-0.165461758414501
"1199",-0.00116105562186735
"1200",1.93710376520739e-16
"1201",-1.4548032226457e-16
"1202",-0.00211548167764957
"1203",-1.32613545834302e-16
"1204",-0.002432869816077
"1205",4.45321509040757e-17
"1206",-4.36545018613638e-17
"1207",-6.84153965987826e-17
"1208",1.97234884550411e-16
"1209",-2.14665726879615e-16
"1210",-1.37517170004464e-16
"1211",-7.59212017857922e-17
"1212",2.06583142250911e-16
"1213",1.72522802463881e-16
"1214",-2.09707301109214e-16
"1215",-1.62293137869227e-16
"1216",-1.680798652082e-08
"1217",-0.00126144757846953
"1218",1.15540736339406e-16
"1219",-9.57305012407791e-17
"1220",-3.94607926395703e-17
"1221",4.74553331669099e-16
"1222",1.2003891097414e-16
"1223",-7.3463481427518e-05
"1224",-4.46129027117424e-05
"1225",-0.00148973600911653
"1226",-1.91116185552044e-16
"1227",2.10854125065731e-16
"1228",-5.96269545257802e-18
"1229",1.63377867647232e-15
"1230",-1.14607437190272e-05
"1231",-1.29707561889744e-16
"1232",-1.08781801892823e-07
"1233",7.40778563545887e-17
"1234",-5.45820597261435e-17
"1235",-2.01665139171511e-05
"1236",-6.38276247172908e-17
"1237",1.06213345379904e-16
"1238",-5.36330038160266e-07
"1239",-1.00345834300717e-14
"1240",1.29010791273806e-16
"1241",-6.27881461537564e-17
"1242",-2.66085428143997e-17
"1243",-0.00865688764095916
"1244",1.67342575048866e-16
"1245",2.24626177286091e-17
"1246",-0.000908579657589421
"1247",-3.7870298841872e-17
"1248",-1.8795502613247e-17
"1249",-0.0032716609203483
"1250",-1.70362787232621e-16
"1251",1.84682112481761e-16
"1252",6.06190104153518e-17
"1253",1.75693511207157e-16
"1254",-2.10548221536954e-05
"1255",-1.50710836364215e-16
"1256",-1.82006787068022e-16
"1257",-0.00133185770464817
"1258",-0.000811739241835828
"1259",1.52658400323428e-15
"1260",-0.172283342327132
"1261",-0.00788113585024745
"1262",-0.0112407399216221
"1263",-6.24942652757121e-17
"1264",-0.000341125602473219
"1265",-0.000666929196587715
"1266",1.40080889886135e-17
"1267",1.35063995593257e-16
"1268",4.33505436819546e-17
"1269",-1.86486891440935e-07
"1270",-2.92915307182273e-16
"1271",5.37103308968388e-17
"1272",-7.77792625422867e-18
"1273",-0.000523710614375866
"1274",-0.18500028935889
"1275",-2.14997700406366e-16
"1276",2.5873784494851e-15
"1277",1.82535057105646e-17
"1278",-0.000264718637409683
"1279",9.7633896311178e-17
"1280",4.00326010256129e-17
"1281",-1.05898299466638e-16
"1282",2.0693271786021e-16
"1283",8.64542614653196e-17
"1284",1.04682767696529e-15
"1285",-3.60233726043021e-11
"1286",-0.000356666934300262
"1287",-9.60328618221374e-17
"1288",4.02908731848073e-17
"1289",-4.30418665122919e-07
"1290",-9.76148330032904e-17
"1291",-0.000201331761061561
"1292",-5.86503219477117e-17
"1293",-1.31572094345974e-16
"1294",2.20162855473708e-16
"1295",-5.62703509869337e-17
"1296",-0.00905612082200854
"1297",1.23856943777639e-17
"1298",3.4348948225334e-18
"1299",-1.31079047600432e-17
"1300",-3.03151744413e-05
"1301",-1.57401052707761e-16
"1302",1.59318316302853e-16
"1303",-1.24454200728369e-08
"1304",1.06605404438499e-15
"1305",-1.53025560486538e-16
"1306",1.95716181721355e-16
"1307",1.89584083334996e-17
"1308",-7.62466477858207e-07
"1309",9.14884586444896e-17
"1310",-0.00146467038967011
"1311",-2.20543239575463e-16
"1312",-2.20085903975016e-16
"1313",-3.43791865083443e-06
"1314",6.63009305373968e-17
"1315",-1.3059090542058e-16
"1316",1.32461906077788e-16
"1317",-1.83790437196146e-05
"1318",-1.89166263494653e-17
"1319",8.29213158244454e-16
"1320",1.32122883555451e-16
"1321",-3.33196869199457e-17
"1322",-6.06324003383443e-18
"1323",-1.09035261305553e-16
"1324",-4.77317585890268e-17
"1325",-2.1547273535547e-16
"1326",-1.31611815867226e-16
"1327",-2.41427560028452e-17
"1328",2.69429595700976e-15
"1329",-1.01695619601212e-06
"1330",-9.72822638041253e-07
"1331",-8.11839142799342e-05
"1332",-3.1567124197764e-17
"1333",-3.75942651876226e-05
"1334",-7.85783730392642e-17
"1335",-0.000316802167278049
"1336",-1.51977797674931e-16
"1337",-5.43449891008918e-14
"1338",-2.62587011914047e-14
"1339",1.55903491846049e-16
"1340",-0.000125740560039281
"1341",-7.12923103696088e-17
"1342",4.26966777339966e-17
"1343",-3.74766223618506e-17
"1344",-2.4399304179829e-17
"1345",2.59375416364093e-18
"1346",-6.38506252521857e-17
"1347",-7.51383460794854e-07
"1348",-5.02796122340806e-17
"1349",-1.3532307426392e-05
"1350",2.02665482629456e-16
"1351",-5.01834247204101e-06
"1352",6.89411681428094e-17
"1353",-0.000596997603301771
"1354",1.44853250205781e-16
"1355",-1.48113503613972e-05
"1356",3.36102924572949e-17
"1357",-3.01324575747427e-17
"1358",-1.01658438915718e-16
"1359",-0.000317222466978198
"1360",5.06436723034691e-15
"1361",-0.000551707790974786
"1362",1.8220601319728e-16
"1363",-3.65485605655997e-17
"1364",3.60574204393154e-17
"1365",1.71446545171514e-16
"1366",7.72009798331003e-17
"1367",-8.16091696981525e-17
"1368",-6.35742941731987e-05
"1369",6.97267480387488e-16
"1370",-1.40362805497231e-17
"1371",-2.09255846176341e-16
"1372",-2.01241387706123e-05
"1373",1.08575372487839e-17
"1374",1.72239420365463e-16
"1375",-2.16973084776656e-16
"1376",-2.18894416835316e-17
"1377",-0.000417661383859511
"1378",1.63911783639498e-16
"1379",1.10193923742596e-17
"1380",1.93859362741683e-16
"1381",2.42411639307395e-17
"1382",-1.84093896351792e-16
"1383",2.66760683527835e-17
"1384",-1.58381345144732e-16
"1385",-2.18966658192885e-16
"1386",-2.17489619596194e-17
"1387",-0.000282920286982021
"1388",-1.53133687289219e-16
"1389",1.36769190737758e-16
"1390",-7.25612638388384e-17
"1391",-6.86937330941842e-17
"1392",-2.08725519173182e-16
"1393",1.86768700741719e-17
"1394",1.50261188952648e-16
"1395",-0.000185660167239375
"1396",9.55109004793147e-17
"1397",-2.08626812866036e-16
"1398",-4.31675980465282e-17
"1399",4.25674990910142e-14
"1400",-2.0406315376421e-05
"1401",-1.87490533896792e-16
"1402",-1.98313467897198e-16
"1403",1.47258209410376e-17
"1404",-0.000792809336256123
"1405",1.75482223358742e-17
"1406",5.84951714548963e-15
"1407",-1.61637790404182e-16
"1408",1.32827018665401e-16
"1409",5.07318092283833e-17
"1410",-1.14297053173077e-16
"1411",-1.3854088561312e-16
"1412",-4.36749546850494e-06
"1413",-2.24765370244711e-05
"1414",-2.32480999170346e-06
"1415",-4.09144981912769e-15
"1416",-6.24867140485121e-07
"1417",-8.30888018059705e-17
"1418",-9.12245747639394e-07
"1419",-0.160104779348742
"1420",-1.52794172235613e-05
"1421",1.42486451198078e-16
"1422",1.41940462703571e-16
"1423",1.33012487245275e-16
"1424",-7.4040849284251e-17
"1425",-7.66795932984567e-17
"1426",-7.70645871409559e-18
"1427",7.77938761652597e-17
"1428",-0.0397608037917299
"1429",-1.39855951744875e-05
"1430",1.79202713464024e-16
"1431",-1.63483798855151e-16
"1432",-0.000792809336256195
"1433",1.55346158027084e-16
"1434",-8.23641398408382e-07
"1435",-0.000395290067898957
"1436",-1.68755028039707e-16
"1437",-7.09526975500502e-17
"1438",-2.01665139169502e-05
"1439",1.45782541473177e-16
"1440",2.13276923693815e-16
"1441",3.3282851567993e-14
"1442",1.72152849024384e-16
"1443",6.11772449174106e-17
"1444",-3.34084965193228e-16
"1445",4.37837909386784e-14
"1446",1.12079514458412e-16
"1447",2.10110394378438e-16
"1448",-0.00026448735509546
"1449",-1.70483580118459e-16
"1450",-1.69917770048032e-16
"1451",-8.44583110628381e-05
"1452",-2.09766714292827e-17
"1453",-0.000543877128292911
"1454",5.70667706878955e-18
"1455",-0.00115638093132922
"1456",-1.92170166046078e-16
"1457",-0.00947976330853749
"1458",-2.15906630368529e-17
"1459",-0.17960674479439
"1460",-1.11868717635482e-16
"1461",7.38045148252877e-17
"1462",1.44615353477262e-16
"1463",7.98917995154446e-15
"1464",-0.000686331793054573
"1465",-1.45061488715779e-16
"1466",-8.88754849938469e-15
"1467",-0.000262594248925324
"1468",8.7365996137377e-17
"1469",2.00467805741101e-17
"1470",-1.7177734278463e-16
"1471",-1.51198534690938e-16
"1472",1.10073012551622e-16
"1473",-0.000621577077212082
"1474",-0.000792809336256371
"1475",-7.50768483384917e-16
"1476",-5.01760692808087e-05
"1477",-1.21788505268392e-05
"1478",-1.16060957820691e-17
"1479",-0.00108052847380069
"1480",1.79881398546873e-16
"1481",4.24820965899134e-17
"1482",-0.00316219373809878
"1483",-1.9493033594064e-05
"1484",8.4775332382961e-17
"1485",1.38832866774828e-16
"1486",-1.1307061263222e-16
"1487",-0.00764028305885164
"1488",-9.12245747517034e-07
"1489",7.61900818308764e-17
"1490",1.52548370692557e-16
"1491",1.39364880165684e-16
"1492",1.97871029644453e-17
"1493",-1.46182403600474e-17
"1494",1.49010370862451e-16
"1495",-1.87699091042333e-16
"1496",4.00528356995455e-17
"1497",1.45208128581489e-15
"1498",-3.60230878170493e-11
"1499",-2.87122421725546e-17
"1500",-2.1418819550931e-16
"1501",1.58532113044995e-16
"1502",7.34955469193249e-17
"1503",8.40980079942574e-17
"1504",6.43743158289053e-17
"1505",1.48999144783749e-16
"1506",7.81835406055009e-17
"1507",5.31096975520666e-17
"1508",-0.00621856214262557
"1509",-0.000757030909217216
"1510",2.03896221342186e-16
"1511",7.28054107901217e-17
"1512",1.86163361412673e-16
"1513",-1.93735241137006e-17
"1514",4.28797809359404e-15
"1515",9.34099689875676e-17
"1516",-1.28988861745981e-14
"1517",-1.33990715242171e-05
"1518",-1.83790437196388e-05
"1519",-5.83731331195909e-07
"1520",2.19473849117905e-16
"1521",-2.08562549945391e-16
"1522",-0.000592516289695209
"1523",7.9895313432014e-17
"1524",-0.00816408968907773
"1525",-0.000264487355095601
"1526",1.48063587938238e-16
"1527",-2.54399263202833e-05
"1528",1.68938465206572e-16
"1529",-0.00316219373809846
"1530",-2.03256661014477e-16
"1531",-2.15103057783865e-05
"1532",-0.013062213389922
"1533",1.75761226785925e-16
"1534",1.08238918217567e-16
"1535",2.7594754710125e-17
"1536",7.80695474706811e-15
"1537",9.57492289759026e-17
"1538",-0.000844244184153743
"1539",-1.68604660628614e-16
"1540",4.02805959835665e-14
"1541",-7.52223980443674e-17
"1542",-0.00146467038966993
"1543",-2.64483901563402e-14
"1544",-1.77481019204943e-16
"1545",-1.55687383483283e-16
"1546",-2.04583647636857e-08
"1547",-1.07456663100876e-06
"1548",-2.19568038890425e-16
"1549",-0.0078709506496812
"1550",5.50820865925306e-17
"1551",-0.0149024514766251
"1552",-0.000489013905743105
"1553",-0.000340512438934439
"1554",-1.17411275000076e-16
"1555",-1.5185387741001e-05
"1556",-6.23913870099227e-17
"1557",1.59687263205915e-17
"1558",-0.0150237666136284
"1559",-2.28410221920805e-05
"1560",-1.59778186445872e-16
"1561",-1.48047261579181e-18
"1562",-1.8995312525558e-16
"1563",-1.76024822346894e-16
"1564",9.24412017713683e-17
"1565",-0.000538660832554269
"1566",8.83252494277711e-15
"1567",-1.9453573856639e-17
"1568",-1.4587198353796e-16
"1569",1.96234075349529e-16
"1570",-0.014098203430164
"1571",-2.09914818112698e-16
"1572",-7.8693297634566e-07
"1573",-1.63508351689363e-16
"1574",-3.88480012076532e-05
"1575",-6.03764265010077e-09
"1576",-1.02703738199473e-05
"1577",-3.27860020079628e-07
"1578",1.35552148906367e-16
"1579",-2.02534889978067e-08
"1580",-4.27453380106473e-17
"1581",-1.74752429339324e-16
"1582",-2.18187346940566e-17
"1583",-3.46413022501763e-05
"1584",-1.22365952712675e-16
"1585",-7.86932976350816e-07
"1586",-9.2044378355271e-17
"1587",-2.24765370241791e-05
"1588",-1.69285348761819e-16
"1589",1.89434821022992e-16
"1590",-2.17654515151449e-16
"1591",1.01652393370824e-16
"1592",1.00050761066106e-19
"1593",-8.26271504489513e-17
"1594",-1.09421017440179e-16
"1595",-1.95370992215674e-16
"1596",-0.000297258561326634
"1597",-1.81568842332954e-16
"1598",-0.000431024997375824
"1599",-1.39011652880509e-16
"1600",9.5843876997748e-17
"1601",7.98543699375247e-18
"1602",-1.80747151526523e-16
"1603",-8.95539820509678e-17
"1604",4.43466575839301e-17
"1605",-0.172296337924806
"1606",-1.7742768605073e-16
"1607",1.28163372395882e-16
"1608",-0.000538660832554234
"1609",-3.25117739987344e-06
"1610",-2.04063153765086e-05
"1611",-1.35522106812518e-16
"1612",1.16413457450917e-16
"1613",-6.99995173792497e-17
"1614",7.24398383859335e-17
"1615",-9.76618093227247e-18
"1616",2.07920345920151e-17
"1617",-1.78800778271765e-05
"1618",-7.3818953026805e-17
"1619",2.11013920374692e-16
"1620",-1.40969827310989e-16
"1621",5.41692028189862e-17
"1622",1.70969781994557e-14
"1623",-0.0345609179326205
"1624",-1.08445079801827e-16
"1625",-1.24550043435068e-06
"1626",-1.14141915914587e-16
"1627",2.06387898310057e-17
"1628",-0.000340512438934181
"1629",1.12990774561472e-16
"1630",-8.9551703932311e-17
"1631",1.26129235611953e-16
"1632",-0.00790477041394733
"1633",-0.000404732485442468
"1634",9.87461578999747e-17
"1635",6.91608022231839e-17
"1636",8.75984989938327e-17
"1637",-8.29284777080587e-17
"1638",-0.00160233897935398
"1639",-7.64044537660681e-15
"1640",-0.00061358433406057
"1641",2.108807104242e-16
"1642",-2.08768488876937e-16
"1643",1.96971657487726e-16
"1644",3.97023647343203e-17
"1645",1.48282366682889e-16
"1646",-1.31291993239856e-16
"1647",2.15050811724857e-16
"1648",-4.4945229642456e-17
"1649",-1.85695855314198e-16
"1650",-6.7836461149659e-10
"1651",-1.98228924633637e-17
"1652",1.88612027899853e-16
"1653",-1.17566419401631e-08
"1654",-1.90378619104113e-08
"1655",8.19362022496611e-18
"1656",4.81694877633589e-17
"1657",4.02775470592415e-17
"1658",-2.29766312378824e-05
"1659",-1.01695619638075e-06
"1660",-0.000940492335841381
"1661",-3.95403927089374e-17
"1662",2.15469223074055e-16
"1663",-0.000473233682839514
"1664",4.9601178543115e-17
"1665",-1.08362090948837e-16
"1666",-2.8900046458322e-17
"1667",-9.97141995878458e-15
"1668",1.02220280393074e-16
"1669",1.68864796436326e-16
"1670",1.49190027909668e-16
"1671",6.41600798771316e-17
"1672",-1.35409841437097e-16
"1673",-2.86895632879713e-14
"1674",-0.000279092633023913
"1675",3.77593166402191e-17
"1676",-0.00146467038966997
"1677",-1.30832256588289e-17
"1678",-0.000523710614375797
"1679",1.32620010718427e-17
"1680",5.34421888639519e-17
"1681",1.77217991752671e-16
"1682",-0.160104779348742
"1683",1.61800859969872e-16
"1684",1.25056247904482e-16
"1685",-0.000397623756226484
"1686",-9.20107566638382e-17
"1687",-2.17900272058878e-16
"1688",-0.000271380444477182
"1689",6.61906257654354e-17
"1690",2.68589508170839e-17
"1691",-1.33078443283134e-16
"1692",-0.00058259101002322
"1693",-1.72852453942551e-05
"1694",-3.37085708540103e-17
"1695",-2.29022906583131e-17
"1696",1.57558477387501e-16
"1697",-4.67381506299904e-05
"1698",-4.22070364905052e-05
"1699",-1.01186113103614e-16
"1700",1.84001428535218e-16
"1701",1.24594704523978e-16
"1702",1.44274417469118e-16
"1703",5.06922833410417e-17
"1704",5.5274730527156e-17
"1705",1.03920581600832e-16
"1706",-1.57196590598372e-08
"1707",-0.0002625942489257
"1708",-1.49433119857408e-06
"1709",-1.73465656017375e-16
"1710",-0.0004916127265593
"1711",-0.000791351088249402
"1712",-4.30418664886845e-07
"1713",-5.55231564839529e-05
"1714",-2.19226431003954e-17
"1715",-9.6541712265991e-17
"1716",-6.74798841831843e-18
"1717",-0.000523710614375973
"1718",6.53905419086401e-17
"1719",-1.57768224849931e-16
"1720",3.86809838488689e-17
"1721",-0.0133685075077122
"1722",-7.70251975830656e-15
"1723",-8.59841288671085e-15
"1724",-3.03226855448182e-17
"1725",-2.19495496275212e-16
"1726",4.38863989424308e-17
"1727",-3.86159347469776e-17
"1728",-0.000523710614376115
"1729",-0.000469216163852983
"1730",-0.000425550652672585
"1731",-2.00579965695612e-17
"1732",1.63070985622984e-16
"1733",-3.29076638991849e-17
"1734",-2.06938193703767e-16
"1735",-0.00256593088656095
"1736",-0.00233887401683725
"1737",-2.86402132087214e-08
"1738",-1.45827305316045e-16
"1739",9.25414461394022e-16
"1740",-1.17721291339503e-13
"1741",-2.10813860697789e-16
"1742",-2.14277188355577e-16
"1743",-3.69159866510737e-17
"1744",7.38706745950843e-17
"1745",-9.53096030196671e-18
"1746",1.84196140369027e-16
"1747",-1.35770419348412e-16
"1748",-8.01190839602308e-17
"1749",-4.18464878200526e-17
"1750",5.71092627817861e-15
"1751",1.32080689792298e-16
"1752",1.48168465170552e-16
"1753",5.67848512973326e-15
"1754",1.330888342351e-16
"1755",-1.29078583094957e-16
"1756",-1.64182019860277e-16
"1757",-0.000439085133602528
"1758",1.80377799890836e-16
"1759",-2.11483729384101e-05
"1760",1.11332195421847e-16
"1761",-0.00122815610658015
"1762",-7.51336778611101e-18
"1763",-8.08485800770978e-06
"1764",-1.62339741987832e-16
"1765",7.35666811636975e-17
"1766",-4.26901634691734e-17
"1767",-0.0480017784845794
"1768",-2.14858752845087e-16
"1769",-0.180177893810386
"1770",-1.42625967739868e-16
"1771",-1.78800778272489e-05
"1772",-4.58287719673757e-16
"1773",-1.50613420743327e-16
"1774",-5.64431237587168e-17
"1775",-0.0449340500515285
"1776",-1.08832719192807e-09
"1777",-3.75149711416306e-17
"1778",3.52311542487268e-17
"1779",-1.3297898941004e-16
"1780",1.58825553750736e-15
"1781",-8.43036391392707e-17
"1782",-1.38549015071285e-16
"1783",-1.36861262047612e-16
"1784",9.04335152995498e-17
"1785",-0.000364423977474664
"1786",1.13078269384307e-17
"1787",-1.7585014069078e-16
"1788",4.25965569996513e-15
"1789",-2.17390045829774e-14
"1790",1.58417217756525e-17
"1791",2.19997928224725e-16
"1792",-6.97314228886422e-17
"1793",1.7977219843685e-16
"1794",-0.000558756498814252
"1795",-7.88141212915107e-17
"1796",-0.000293139039396298
"1797",-0.000369049049628528
"1798",-6.70275607545908e-17
"1799",-2.12559249189619e-16
"1800",9.70772408790762e-17
"1801",-1.24863623821755e-16
"1802",2.18232932732449e-16
"1803",-1.13676203521614e-17
"1804",-9.70329213189907e-05
"1805",-1.00388163154922e-15
"1806",-0.00146467038966978
"1807",-6.09944495591908e-05
"1808",-1.53759010852368e-05
"1809",9.39458147098152e-17
"1810",-1.05004838436638e-16
"1811",9.00026299036334e-17
"1812",-0.0135595425976099
"1813",-4.58650564814291e-05
"1814",-1.86331739853833e-16
"1815",-1.72947312658817e-16
"1816",1.09674854013362e-16
"1817",-9.12245747566538e-07
"1818",-5.0563487929947e-05
"1819",1.40160578188497e-17
"1820",-2.21979078338828e-07
"1821",1.28112594398009e-16
"1822",-2.82255330406671e-18
"1823",-1.75514560861485e-16
"1824",-1.47339479419565e-16
"1825",-2.0235353820797e-16
"1826",-2.08613711464331e-16
"1827",-0.000482480794045179
"1828",-0.013062213389922
"1829",-0.000792809336256116
"1830",4.56820340471257e-17
"1831",-1.19739234677832e-16
"1832",-1.1927131796748e-16
"1833",-1.21514357116879e-16
"1834",2.00944341421065e-17
"1835",3.58415650934028e-17
"1836",-1.74740032400984e-16
"1837",-6.49062586392813e-17
"1838",-1.06630880378225e-16
"1839",-4.83803538921677e-08
"1840",-1.25675956460399e-06
"1841",-1.23574033443443e-16
"1842",4.37086990840951e-15
"1843",1.67617558819661e-16
"1844",-0.00764028305885172
"1845",-2.16688818838572e-16
"1846",1.85910239108976e-16
"1847",-0.00015111634733888
"1848",-1.35323074266503e-05
"1849",-9.0557253968808e-05
"1850",-1.96294379473804e-16
"1851",3.06878902441503e-17
"1852",-4.91641096064611e-07
"1853",-1.31858649803659e-16
"1854",5.42075459741102e-17
"1855",-0.0129845763503053
"1856",-9.07595891673163e-15
"1857",-9.74498260269896e-15
"1858",1.19653417781839e-16
"1859",1.78706036587451e-16
"1860",-0.0118793823141566
"1861",-0.200982068912213
"1862",-2.00328169191578e-16
"1863",-1.43150614164249e-16
"1864",-1.62595709001553e-16
"1865",-1.63821581424409e-05
"1866",-1.10429513806634e-16
"1867",-2.19993167880664e-16
"1868",3.6398587341167e-17
"1869",1.27284714686649e-16
"1870",4.25342357776538e-17
"1871",1.72193851635914e-16
"1872",-2.68749911494654e-06
"1873",1.77411942891676e-16
"1874",1.30573702289069e-16
"1875",4.97866451135924e-17
"1876",-1.42746440757566e-16
"1877",-1.75829840629407e-16
"1878",-2.05528040638206e-16
"1879",-1.39870489447663e-16
"1880",3.66465415638546e-17
"1881",-0.00242349110075776
"1882",-8.46170839203387e-05
"1883",1.83433366516989e-17
"1884",3.73454463298784e-17
"1885",-4.08538462496766e-17
"1886",-5.29546703960266e-07
"1887",1.46835514843393e-16
"1888",-2.154850542354e-16
"1889",-1.05559310667894e-16
"1890",2.1860989597369e-16
"1891",-5.53134178997637e-17
"1892",-1.81314718490859e-06
"1893",-7.25242137982267e-15
"1894",-7.85998500411704e-17
"1895",-0.0122768570342807
"1896",1.15904592627734e-16
"1897",2.13864754325169e-17
"1898",-7.96895550123711e-17
"1899",1.06516244181056e-16
"1900",1.5593767786349e-16
"1901",-2.00649060452712e-05
"1902",-0.000558756498814286
"1903",-8.43737895558711e-17
"1904",-0.000270542432259448
"1905",-0.00048967017779747
"1906",1.31157442639338e-16
"1907",-0.0234806705396444
"1908",-1.02467160843583e-16
"1909",-1.25748197277473e-16
"1910",-2.01661935784245e-16
"1911",-0.0118793823141566
"1912",-0.00316219373809876
"1913",-0.00233887401683725
"1914",1.25486151595083e-16
"1915",2.11158840147974e-16
"1916",-2.70642197961358e-05
"1917",-1.14803249525664e-16
"1918",1.23725453183084e-16
"1919",9.5089268584625e-16
"1920",1.00996892880832e-16
"1921",-7.7827523364366e-17
"1922",-0.00048640848500823
"1923",1.98309538566601e-16
"1924",-5.41494550735482e-17
"1925",-5.90055522844953e-17
"1926",1.86306021232316e-17
"1927",1.72474630328236e-16
"1928",-9.92488093532135e-17
"1929",-0.000613584334060181
"1930",-1.0164841438462e-06
"1931",-1.67958004983973e-17
"1932",1.75318372168494e-16
"1933",-6.18934719848079e-17
"1934",-0.000535994205037252
"1935",2.08489905772794e-16
"1936",-7.79094120063363e-07
"1937",-2.36052646506887e-05
"1938",-5.82973177074181e-17
"1939",5.4807478570025e-17
"1940",-1.96605872836628e-17
"1941",-2.09262248070748e-05
"1942",-0.000792809336256033
"1943",-1.1610198943481e-16
"1944",1.9919923488072e-16
"1945",1.38991740489284e-16
"1946",1.31113709973896e-17
"1947",-1.49363693739552e-16
"1948",-0.0116723816954232
"1949",5.80194718558238e-17
"1950",-1.56046846811684e-16
"1951",-0.000109467182249775
"1952",9.74572184567405e-17
"1953",-8.5359997138055e-15
"1954",-3.44191982772544e-07
"1955",-1.75231121007906e-16
"1956",-1.62850084966217e-16
"1957",3.8384125338752e-17
"1958",-0.000397474720124155
"1959",2.79333967264539e-15
"1960",-1.36272695263297e-17
"1961",-0.239441666228261
"1962",-0.00506127794501643
"1963",-2.08050960018969e-16
"1964",-1.46479345813331e-05
"1965",1.58246144877176e-16
"1966",-0.000262594248925428
"1967",-1.33083837940512e-16
"1968",-1.42414184615692e-16
"1969",-1.06311068471864e-05
"1970",-8.13263154390714e-07
"1971",-4.51980529471117e-17
"1972",2.03229145295194e-16
"1973",-1.12465858899631e-16
"1974",1.71276566461666e-14
"1975",-0.000163863603608801
"1976",-6.55752231613936e-10
"1977",-1.0132117700065e-16
"1978",-2.7710659420245e-08
"1979",-1.66923302962289e-16
"1980",8.3559208353071e-17
"1981",-7.81624580823752e-17
"1982",1.5435763924403e-16
"1983",9.37100621874802e-17
"1984",-1.79265040967292e-16
"1985",2.11179584142004e-16
"1986",-4.05032073242187e-17
"1987",-1.96514455439514e-16
"1988",-1.45171461887986e-16
"1989",-3.00019067621702e-17
"1990",1.27594951545566e-16
"1991",2.07173671701595e-16
"1992",-3.61883908001172e-17
"1993",-4.81690242814466e-08
"1994",1.52511971041127e-16
"1995",-1.28734407939979e-05
"1996",8.5098693322729e-17
"1997",-1.91832686582657e-05
"1998",5.79172809098355e-17
"1999",1.28033901972337e-16
"2000",2.05024543667222e-16
"2001",-7.19201482662997e-15
"2002",-0.000404139620819474
"2003",9.89626884147691e-17
"2004",-1.19177614901839e-16
"2005",-0.000473233682839543
"2006",-0.00337380273223825
"2007",6.4194214212299e-17
"2008",-2.06149432864467e-16
"2009",-5.38696467762538e-17
"2010",-0.194665697281363
"2011",6.78257048511836e-17
"2012",1.52244604331406e-16
"2013",-7.0664413575229e-18
"2014",2.04714097287161e-15
"2015",-8.69098575193327e-17
"2016",-8.3379263042614e-17
"2017",-1.35510707973879e-16
"2018",-2.94219710199207e-15
"2019",-1.04240877504554e-16
"2020",-0.165467970456538
"2021",7.58179709416227e-17
"2022",2.14750197201838e-16
"2023",-0.000151116347338886
"2024",-7.51383460742147e-07
"2025",-1.91443191944134e-16
"2026",-2.80696220364356e-17
"2027",-0.00233887401683741
"2028",-0.000534384374736901
"2029",-0.000470391523116354
"2030",-0.0122768570342874
"2031",1.71226947419045e-16
"2032",-4.68454403634489e-07
"2033",2.44618419687006e-17
"2034",1.11372291945187e-17
"2035",-1.98015358665017e-17
"2036",-3.76029191219928e-17
"2037",-6.60886747173698e-16
"2038",-9.94515719305613e-17
"2039",-7.51383460615239e-07
"2040",6.81086808436629e-17
"2041",-0.00749870406896347
"2042",2.06172082680366e-16
"2043",-1.80154931791814e-16
"2044",-1.13451631097206e-16
"2045",-0.194665697281363
"2046",-3.7881276852895e-14
"2047",1.62702779229458e-17
"2048",1.48923002643735e-16
"2049",-8.53842974316387e-17
"2050",2.05010666933543e-16
"2051",-8.51904755605887e-17
"2052",1.44786047583292e-16
"2053",-0.000222489917253249
"2054",-1.96860075239333e-16
"2055",-1.07188337491984e-16
"2056",-1.41026146081827e-16
"2057",4.40949652750416e-14
"2058",2.69603361731989e-14
"2059",-6.87277611751668e-17
"2060",-1.47809798296039e-16
"2061",-0.215746266936462
"2062",2.58553378387766e-17
"2063",3.0266389967611e-17
"2064",-3.86215350614489e-06
"2065",-8.13263152241825e-07
"2066",2.68225744870942e-14
"2067",-7.96245477002657e-18
"2068",-5.29546703784868e-07
"2069",-5.55231564841522e-05
"2070",-0.00260347708043237
"2071",-5.87067958599192e-18
"2072",5.85704054427711e-17
"2073",-1.01501487718883e-18
"2074",1.65598596094598e-16
"2075",3.72324970652366e-17
"2076",-0.000902651835699592
"2077",2.07188752433716e-16
"2078",-1.7887703795724e-17
"2079",1.69438449681912e-16
"2080",-1.02897590540336e-16
"2081",-5.07262211786961e-05
"2082",-2.63301760874149e-08
"2083",-4.74765205567863e-18
"2084",-9.13126724635325e-17
"2085",-5.31951957401204e-18
"2086",-9.72507464981119e-17
"2087",-2.09651214467525e-16
"2088",-9.03499653495944e-17
"2089",-9.38084313688756e-05
"2090",-0.00039747472013075
"2091",-5.73203629176359e-17
"2092",1.38923929259659e-16
"2093",4.95398309520974e-18
"2094",8.61946981455529e-17
"2095",-8.25505986559563e-17
"2096",-0.0127745259543362
"2097",-1.54272010951901e-16
"2098",-0.0015075717118652
"2099",-1.3262137065975e-16
"2100",1.40880226448439e-16
"2101",2.2094021506805e-17
"2102",1.17391329543037e-16
"2103",2.1019393171008e-16
"2104",-1.22123827765577e-17
"2105",-1.63853454908207e-16
"2106",-9.72822637959551e-07
"2107",1.8268131591792e-17
"2108",-7.6868696983886e-17
"2109",-0.000282778365261127
"2110",-0.00536467750139698
"2111",6.29508541724282e-17
"2112",-0.000516504296909881
"2113",-0.000473233682839571
"2114",1.97686817058759e-16
"2115",-1.52466888739167e-16
"2116",1.59745000025022e-16
"2117",-1.87006403500765e-16
"2118",-1.5702860481988e-16
"2119",-1.46904232294335e-15
"2120",2.10733700509218e-16
"2121",-2.09296347878621e-16
"2122",-0.00106997072847087
"2123",-1.04326856856413e-16
"2124",-1.9037861782888e-08
"2125",-1.91832686131232e-05
"2126",-1.24299281309958e-16
"2127",-0.000516504296909524
"2128",-0.0118793823141566
"2129",-4.6427874311502e-17
"2130",-0.000506121354618825
"2131",-2.07931585197532e-17
"2132",-0.000519098739320901
"2133",2.07538396464706e-16
"2134",8.30226093145927e-17
"2135",-3.39626396312429e-17
"2136",-4.3577164154741e-06
"2137",-6.69022425068386e-17
"2138",-3.09829723322385e-15
"2139",-2.19574331091088e-11
"2140",-1.82279056732663e-15
"2141",-8.22593882482817e-17
"2142",1.62914585507827e-16
"2143",-3.04391380483059e-05
"2144",8.10561961617044e-17
"2145",2.18815105468239e-16
"2146",1.74470475237911e-16
"2147",-1.64466693502728e-06
"2148",-1.69518770743835e-16
"2149",-0.000122282966324032
"2150",-0.00122815610658008
"2151",1.14298604960133e-16
"2152",-1.6662118154536e-16
"2153",1.81521218198406e-16
"2154",5.42039980165957e-17
"2155",-4.13250812014491e-17
"2156",-1.34142981045347e-16
"2157",4.85983326439382e-17
"2158",-6.53200446575857e-17
"2159",-0.00753833454233349
"2160",1.92904999591943e-16
"2161",-2.12710482515079e-16
"2162",-4.05343358631541e-17
"2163",-2.0373494769017e-16
"2164",2.96607930115306e-16
"2165",-2.20025964916157e-14
"2166",1.09811728180297e-16
"2167",1.20119305117948e-17
"2168",1.50537778620535e-16
"2169",-1.63492511250113e-16
"2170",-9.3382183407911e-06
"2171",-0.173664321946352
"2172",-0.173473286856455
"2173",-1.27941308433461e-16
"2174",1.3869003536866e-16
"2175",-7.86932976029385e-07
"2176",-0.000241305415552714
"2177",-9.91305104721727e-06
"2178",-6.85629707911343e-06
"2179",-6.67341803619885e-17
"2180",6.86094903808515e-17
"2181",-9.39957992396422e-05
"2182",-2.15103057781792e-05
"2183",-0.00012228296632395
"2184",-2.20551158965193e-14
"2185",-1.63861518632101e-05
"2186",-3.25117739999891e-06
"2187",1.22882144927187e-16
"2188",-2.54508443701984e-15
"2189",-3.02913401328118e-06
"2190",-1.26356495644498e-16
"2191",-2.26333031895183e-15
"2192",-6.66914323008727e-17
"2193",5.08489039344672e-17
"2194",1.40272224938055e-16
"2195",-1.06027700397486e-16
"2196",1.07305677841212e-16
"2197",-4.75097234162612e-05
"2198",-0.000117372882838761
"2199",9.62118734270874e-17
"2200",7.17308553215004e-18
"2201",-1.91724048367671e-16
"2202",-2.06643943728473e-16
"2203",-3.84525499295905e-17
"2204",-0.0095189380092672
"2205",6.80361015649277e-17
"2206",-1.62786436790036e-16
"2207",2.17051686350406e-16
"2208",5.07885087785576e-15
"2209",8.28460464522e-17
"2210",1.2102264264797e-16
"2211",-0.186214315584609
"2212",-0.000113714955571505
"2213",1.23001794238554e-16
"2214",-0.0208848537034791
"2215",1.35819341842651e-16
"2216",1.40104908336192e-16
"2217",-3.9272036268944e-06
"2218",-1.73257937269294e-16
"2219",2.22893223809065e-18
"2220",2.41304657790238e-15
"2221",1.59574741479538e-16
"2222",6.53675940453186e-17
"2223",1.39465884225302e-16
"2224",-8.52279277542911e-17
"2225",1.84186397583986e-16
"2226",2.01384477914077e-16
"2227",6.16069803579161e-17
"2228",1.12772158634253e-16
"2229",8.98022928518709e-17
"2230",-3.11234653506563e-17
"2231",5.11944698526073e-17
"2232",-1.52970897519918e-05
"2233",-1.61668798111104e-16
"2234",9.28092719964906e-17
"2235",-1.84933425837826e-16
"2236",7.88640306450609e-17
"2237",-1.08700094087821e-16
"2238",-7.15906812305503e-17
"2239",-1.29722569751149e-16
"2240",-1.91722967642565e-16
"2241",-7.07504012526707e-18
"2242",-1.29914934870139e-16
"2243",-1.8861996967929e-16
"2244",-0.0091549470061217
"2245",-3.4391369886514e-17
"2246",7.80070556393425e-17
"2247",-0.000867607802713927
"2248",1.94238098279384e-16
"2249",-8.38781202367677e-17
"2250",1.34273770775651e-16
"2251",2.93852314076353e-17
"2252",-7.00568056183579e-18
"2253",7.78513720109835e-17
"2254",-1.90624920912276e-17
"2255",-0.000958228767469025
"2256",-4.94855902338943e-17
"2257",2.16993417162042e-16
"2258",-2.12097517216153e-16
"2259",-1.19264197407888e-17
"2260",-6.31321670717059e-17
"2261",-5.62561076405592e-17
"2262",-3.44426242042394e-05
"2263",9.45851363287166e-17
"2264",1.44643559734667e-16
"2265",2.48654724878259e-17
"2266",-1.88861747731936e-16
"2267",1.57023473094685e-16
"2268",4.52306188127317e-17
"2269",-1.64683242015531e-16
"2270",1.33949178597631e-16
"2271",-1.13169704764907e-16
"2272",-1.32620609572096e-16
"2273",-1.62858372207767e-16
"2274",-1.42768070980877e-16
"2275",-2.17685342852592e-14
"2276",-3.12960896642417e-17
"2277",-4.55729739361854e-17
"2278",1.83242200566556e-16
"2279",-1.48113503547426e-05
"2280",1.72169432033974e-16
"2281",3.64506088733246e-17
"2282",-1.08034444859986e-16
"2283",7.77960203787899e-17
"2284",-7.03868848149552e-17
"2285",-1.67904604440034e-18
"2286",2.31353890303079e-15
"2287",-1.76120860823815e-16
"2288",1.43199339561194e-16
"2289",2.0682297805822e-17
"2290",-0.00328058917291521
"2291",-0.00011839543481661
"2292",-0.000118395434816622
"2293",-6.79850248637858e-07
"2294",-2.02413593196656e-16
"2295",7.84479896709243e-18
"2296",-1.51666554181521e-08
"2297",-8.17503104380148e-17
"2298",-0.000185660167239541
"2299",-1.23821153282371e-05
"2300",-4.25660846876712e-17
"2301",-0.00107806046875643
"2302",-1.07142898096408e-16
"2303",-0.0065069823146298
"2304",3.52460156453658e-14
"2305",-9.33821834064322e-06
"2306",-4.49911808066473e-06
"2307",-1.45179089225451e-16
"2308",-0.000431641773800965
"2309",1.62253387456361e-16
"2310",1.74524903941307e-16
"2311",-1.26027958002317e-16
"2312",-3.96794128741389e-14
"2313",-1.23499366954167e-16
"2314",5.29069813144343e-17
"2315",6.57172210083895e-17
"2316",1.59275054150143e-16
"2317",-2.63301778856146e-08
"2318",1.7797643070484e-16
"2319",-2.4685570759911e-08
"2320",1.67286267360398e-16
"2321",-2.53369088739372e-15
"2322",-9.43551808162088e-17
"2323",1.81349320653383e-16
"2324",-3.50926921346799e-17
"2325",-1.90308967818158e-16
"2326",-3.85717110138114e-17
"2327",-3.94944771841116e-17
"2328",-9.14508897214335e-15
"2329",-3.37156305402797e-17
"2330",1.92169942401092e-16
"2331",1.00406033888046e-16
"2332",5.46720206881898e-17
"2333",1.07360936154735e-16
"2334",1.15061833730728e-16
"2335",-1.36494912142163e-16
"2336",-2.12980919173826e-16
"2337",-0.0005344245919708
"2338",1.6128862584331e-16
"2339",2.00132540742881e-16
"2340",-6.24258536190865e-17
"2341",-3.47469765012449e-17
"2342",-6.85758162488922e-17
"2343",-1.55697184971424e-17
"2344",6.58584690579968e-17
"2345",-1.85283887524134e-16
"2346",-1.67321187774267e-16
"2347",1.8597151733316e-16
"2348",-0.000376169853671977
"2349",-1.55522395989665e-16
"2350",7.31525055608567e-18
"2351",-2.01511704689157e-16
"2352",1.78492297807671e-16
"2353",-4.30780357108559e-17
"2354",1.66388669681105e-16
"2355",2.92021553477988e-17
"2356",5.40021670740963e-15
"2357",5.27662067291401e-15
"2358",1.61574601743262e-16
"2359",-7.09930083364812e-17
"2360",-0.000259964754530999
"2361",-0.00489065580098112
"2362",1.0688275264943e-16
"2363",1.17021232791536e-17
"2364",4.26916772339684e-14
"2365",-1.23586041446812e-16
"2366",1.38330520003691e-16
"2367",2.55214165842217e-15
"2368",1.52451243496459e-16
"2369",-5.88674954870449e-17
"2370",-4.43771338117298e-17
"2371",6.34951469386047e-18
"2372",1.78101946815122e-16
"2373",2.07220676245938e-16
"2374",6.90381604081068e-17
"2375",-1.25716708476182e-16
"2376",-1.83708343549952e-16
"2377",3.82864412686893e-17
"2378",-1.90345852191177e-16
"2379",1.03500075971736e-16
"2380",1.12441085471281e-16
"2381",-0.000296178753255975
"2382",-1.32046268171999e-16
"2383",1.57871103581893e-16
"2384",-3.82298758701509e-17
"2385",-4.09750710388228e-17
"2386",-1.37565988641477e-16
"2387",-7.95386528348759e-17
"2388",-0.00675108032860143
"2389",-1.42486513643838e-16
"2390",-7.01079350543285e-17
"2391",-2.26477924345169e-17
"2392",5.13731449071774e-17
"2393",-1.12590555263373e-16
"2394",1.34866911870801e-16
"2395",1.64275762474454e-16
"2396",-2.63540063242056e-17
"2397",-3.18363157056835e-17
"2398",-8.89847642948324e-17
"2399",-9.12245747499458e-07
"2400",1.04241774593296e-16
"2401",-2.79621205061318e-14
"2402",1.6906803863606e-16
"2403",5.16214032857603e-17
"2404",1.97945937859569e-16
"2405",1.66484021052879e-16
"2406",1.99734880618769e-16
"2407",1.47922482857269e-16
"2408",-1.29942868121179e-16
"2409",3.45569018168072e-14
"2410",9.69159218885315e-17
"2411",-5.11874175786885e-07
"2412",-4.09196189162971e-16
"2413",1.63454204767291e-16
"2414",-3.59197157873503e-18
"2415",1.04761513840822e-16
"2416",-3.20615753762357e-05
"2417",-3.1023551912722e-05
"2418",-0.00316219373809849
"2419",-4.71326749187074e-18
"2420",-0.00042038779447706
"2421",-2.11592870104256e-16
"2422",1.84750815737188e-14
"2423",-1.79071538938086e-16
"2424",-8.27538152373435e-17
"2425",8.44714867091856e-17
"2426",1.2091641253249e-16
"2427",-7.23152099997025e-17
"2428",1.48878328541057e-16
"2429",1.32766613581252e-16
"2430",-5.36330038459193e-07
"2431",1.71940452402008e-16
"2432",1.8414031353379e-16
"2433",7.58135954644279e-14
"2434",1.64879493710103e-16
"2435",2.95381186899206e-15
"2436",1.17411973690216e-16
"2437",-1.53219142749219e-16
"2438",-1.57393565526196e-16
"2439",-0.000634114379763337
"2440",5.79721318897084e-17
"2441",9.40166207047976e-18
"2442",1.31374574966509e-16
"2443",-7.2874987471683e-17
"2444",7.47548745844184e-15
"2445",2.01066573656597e-16
"2446",-1.16102370664192e-16
"2447",-6.79850248319608e-07
"2448",2.15232471605328e-16
"2449",-1.69217150958081e-16
"2450",7.6755589273322e-15
"2451",-2.21979035689005e-07
"2452",1.3914471883906e-16
"2453",1.92322736369555e-16
"2454",-1.6597508866777e-16
"2455",-6.18908769613565e-17
"2456",-5.97059256327611e-14
"2457",-3.09399038939455e-17
"2458",-1.93033997577015e-16
"2459",-1.91088720709008e-16
"2460",-1.70142042949109e-16
"2461",6.18277246867901e-17
"2462",4.29847157066321e-16
"2463",-0.000233484385592364
"2464",-0.000113714955571225
"2465",-2.05236293012603e-16
"2466",1.48923273290968e-16
"2467",-9.69196001233677e-17
"2468",-2.05300457032499e-05
"2469",1.492969300477e-16
"2470",-0.0345609179326204
"2471",-7.05346834612295e-17
"2472",-1.93334845390885e-16
"2473",1.88764220122853e-16
"2474",-0.000811739241835746
"2475",1.36050959893717e-16
"2476",2.51348068415205e-17
"2477",-0.0137432667352977
"2478",1.62526184710119e-16
"2479",9.74473829521124e-19
"2480",7.0164329406405e-17
"2481",5.19158967191865e-17
"2482",5.87439663600599e-17
"2483",-5.68059695499585e-17
"2484",-9.92785483602814e-17
"2485",-1.92409650692489e-16
"2486",-1.20326398749961e-16
"2487",2.20247623649609e-16
"2488",-1.61711771346174e-16
"2489",-2.42860184891528e-18
"2490",-0.000222489917253324
"2491",4.71023022533866e-17
"2492",-6.83556693970554e-17
"2493",-0.000296178753256033
"2494",-2.47746375030767e-16
"2495",5.27193410436184e-17
"2496",1.18337941009799e-17
"2497",-0.000233484385592539
"2498",-1.19171977658434e-16
"2499",-1.17030918623714e-16
"2500",1.043094457849e-16
"2501",-1.22743094886035e-16
"2502",1.81557905286719e-16
"2503",-7.16000446330636e-17
"2504",-2.92105071397046e-17
"2505",-1.79699498889726e-16
"2506",8.68112985747165e-17
"2507",1.94246084411936e-16
"2508",1.57796127322089e-16
"2509",1.16048718344247e-17
"2510",-9.68358753245367e-17
"2511",2.158625000725e-16
"2512",-1.11383837487422e-16
"2513",-4.32044768899622e-16
"2514",1.91581387506163e-16
"2515",-4.90521787461171e-17
"2516",-8.42145247635835e-17
"2517",2.87406661032371e-18
"2518",-0.000792809336256439
"2519",-1.18081920336513e-16
"2520",-3.60674774689394e-17
"2521",-2.51308752090865e-06
"2522",2.09134298826265e-16
"2523",-1.60293717641629e-05
"2524",1.48416149840004e-17
"2525",-2.0377770554539e-16
"2526",3.78941833811131e-17
"2527",-0.000489013905742845
"2528",-4.67381506298629e-05
"2529",-0.000469216163852965
"2530",-1.48206166075424e-16
"2531",-4.13311883192593e-17
"2532",1.38970229060229e-16
"2533",-3.50900850050769e-17
"2534",-1.39927214522844e-16
"2535",1.96900460053953e-16
"2536",1.44938051142692e-17
"2537",-1.19656046531085e-16
"2538",4.64459446814631e-17
"2539",2.90392850952098e-17
"2540",-3.92720362675649e-06
"2541",8.95985700533069e-17
"2542",-1.80968806366917e-16
"2543",8.73610218671979e-17
"2544",-4.74643283838916e-18
"2545",-1.80061292467193e-05
"2546",-2.77296392078102e-15
"2547",1.10166279714145e-16
"2548",-0.0121915585760634
"2549",-2.13582676969837e-16
"2550",-1.40257048223731e-18
"2551",-1.77120772934894e-16
"2552",4.28598233295424e-18
"2553",2.19444028112298e-16
"2554",-2.15103057781604e-05
"2555",-2.20070208451847e-16
"2556",-1.78634209789343e-16
"2557",2.09628826966443e-16
"2558",7.89071352781602e-15
"2559",1.57578014420535e-15
"2560",-9.60649457116678e-15
"2561",1.5242532967573e-16
"2562",-0.0062699061598152
"2563",-1.93854356885492e-16
"2564",3.07407211504382e-16
"2565",9.17688406346495e-17
"2566",5.90130210264343e-17
"2567",1.79875655980547e-16
"2568",-2.02814426073755e-16
"2569",-0.000601452938441149
"2570",-0.00056309797642891
"2571",2.35052827883155e-17
"2572",-3.20615753763611e-05
"2573",-1.97737366392919e-16
"2574",-7.47479528343165e-18
"2575",-2.02370394857706e-18
"2576",5.65208214657218e-17
"2577",-8.2794942239874e-17
"2578",-1.69202419557171e-17
"2579",-0.0033017638879062
"2580",2.00630437401105e-16
"2581",-1.34196830769295e-16
"2582",1.76651498448143e-16
"2583",-2.01921169524655e-16
"2584",-3.54778629522916e-17
"2585",-8.16231880557572e-17
"2586",-6.24727087467777e-17
"2587",1.72015251238639e-16
"2588",-1.39557984658813e-16
"2589",1.93686362744203e-16
"2590",-5.91330839853908e-17
"2591",-1.04676227596361e-17
"2592",1.4643518317737e-16
"2593",5.53302960652049e-17
"2594",-1.07516627024253e-16
"2595",-6.7448577448518e-17
"2596",-7.49533748646863e-17
"2597",1.69675919186272e-16
"2598",-7.86932976337822e-07
"2599",-0.000811739241835663
"2600",-1.90220494501033e-16
"2601",1.26214824401246e-16
"2602",1.93219461460178e-16
"2603",-3.48347581226047e-17
"2604",6.05716533949547e-17
"2605",-9.63475299856405e-15
"2606",1.43180893587717e-16
"2607",-0.0031621937380988
"2608",1.03850493824898e-16
"2609",-1.78452807488641e-16
"2610",-0.000811739241835649
"2611",-9.83037757176245e-05
"2612",8.50440062410576e-18
"2613",-2.16532000410684e-16
"2614",-8.78523436073428e-17
"2615",1.68154695283598e-16
"2616",-1.38505232821183e-16
"2617",5.12471306172714e-18
"2618",2.19504053228204e-16
"2619",1.32740149717476e-16
"2620",1.89487188432964e-16
"2621",3.65758472951253e-17
"2622",2.20839972521371e-16
"2623",1.74002833398222e-16
"2624",-2.08900613203705e-16
"2625",3.297703753149e-17
"2626",-4.2438188273454e-17
"2627",-1.8324620537672e-16
"2628",8.17549571412701e-17
"2629",6.02533584089696e-15
"2630",-0.00753948934967086
"2631",-4.95645883843894e-17
"2632",6.84220998415375e-14
"2633",4.24315205635328e-17
"2634",1.02916402880393e-16
"2635",-0.000233484385592331
"2636",7.62330760054887e-15
"2637",5.31099490197896e-17
"2638",-6.44035643494013e-17
"2639",-2.13890684359736e-16
"2640",-3.82154191855248e-17
"2641",1.14383804805529e-16
"2642",4.04669815500797e-14
"2643",-8.42362803956127e-17
"2644",1.26498768923808e-16
"2645",1.01402722761633e-16
"2646",-1.99857037566745e-16
"2647",2.11292730671544e-16
"2648",6.46629252096331e-17
"2649",-0.000811739241835614
"2650",1.61281976998129e-16
"2651",-8.23871812283529e-17
"2652",1.23263429148915e-16
"2653",-0.00343194815278192
"2654",1.60013140059207e-16
"2655",-2.97589281654409e-17
"2656",-8.04769638358933e-17
"2657",-9.57271838028438e-17
"2658",-9.67060445081434e-17
"2659",-1.25438215224962e-16
"2660",-0.000316802167278133
"2661",4.46340456891032e-17
"2662",-2.19373486727476e-16
"2663",1.51804659352627e-16
"2664",1.34031823990293e-16
"2665",1.68858292061088e-16
"2666",1.51717092760587e-16
"2667",-1.47509094759745e-16
"2668",1.93543910060626e-16
"2669",9.84871849149281e-17
"2670",2.48695820829783e-15
"2671",-3.7627172827149e-17
"2672",5.01098438508561e-15
"2673",-2.51308752098498e-06
"2674",6.25286662874091e-17
"2675",2.96120995356917e-14
"2676",1.5573653159741e-16
"2677",1.01695254924748e-16
"2678",-9.21703352480629e-18
"2679",-3.43417649803144e-17
"2680",-1.60156665877975e-16
"2681",-0.000151116347338827
"2682",-2.00063300037516e-16
"2683",-7.37785447308667e-14
"2684",-1.59309996013488e-16
"2685",1.21239874080113e-16
"2686",-1.79498351524857e-16
"2687",1.07577111550822e-16
"2688",-1.98388203250032e-16
"2689",1.13944848909408e-16
"2690",-1.50746970103916e-15
"2691",1.6944219265165e-16
"2692",5.85324264513054e-17
"2693",-6.46169283211262e-18
"2694",-4.7953135067937e-07
"2695",3.84716622840322e-17
"2696",7.58666023049783e-17
"2697",9.64088440215311e-17
"2698",-3.66952102434242e-17
"2699",-1.44034830222894e-16
"2700",-1.89432474274874e-16
"2701",-1.91969215279465e-16
"2702",-1.642005302338e-16
"2703",1.72402011882875e-16
"2704",-1.47675430483276e-05
"2705",-6.96689821191803e-18
"2706",-1.56020086262171e-16
"2707",1.61290760839008e-16
"2708",1.60747436877743e-16
"2709",-6.04161050180061e-17
"2710",1.57361946193534e-16
"2711",-9.03693489849413e-17
"2712",-5.62819744018146e-17
"2713",-1.63088016614495e-16
"2714",-1.61649930039118e-16
"2715",1.05380012911987e-16
"2716",-4.8798559049339e-17
"2717",-6.45282992044482e-14
"2718",-1.22864968842484e-17
"2719",-3.95001648500741e-16
"2720",5.8604375247096e-17
"2721",-1.91343608978223e-16
"2722",-2.20231198688626e-17
"2723",-2.03565431985726e-16
"2724",8.99286764775965e-17
"2725",-1.01035126539679e-16
"2726",-2.95913492198249e-15
"2727",-2.0642509003568e-15
"2728",-0.00343870669320858
"2729",-0.00316219373809852
"2730",-1.19840853796764e-16
"2731",-2.51080296102553e-17
"2732",-2.14067106356595e-17
"2733",7.2981066247069e-17
"2734",2.09413525676461e-16
"2735",-2.54213108169155e-14
"2736",-1.16279681197683e-16
"2737",-2.07945846355396e-16
"2738",6.58848135580925e-18
"2739",-1.46411839286072e-16
"2740",-1.25818647690197e-16
"2741",1.59825052188689e-16
"2742",2.07619116251908e-16
"2743",5.90500697295244e-17
"2744",-1.58215293640195e-16
"2745",6.06847239257537e-17
"2746",-1.01433905619063e-16
"2747",-6.48943452901781e-17
"2748",7.3860279132739e-17
"2749",6.79167187084546e-17
"2750",1.14783005910437e-16
"2751",1.08172497507382e-16
"2752",-1.37641431744052e-16
"2753",6.79568968857414e-17
"2754",1.75464642862285e-16
"2755",-1.80217673743349e-16
"2756",1.34759056605595e-16
"2757",-9.96650076703924e-18
"2758",1.17955365617815e-16
"2759",-6.24867140639212e-07
"2760",1.30126969949235e-16
"2761",1.39525154395521e-16
"2762",1.91056044029807e-16
"2763",-6.42920706547318e-19
"2764",-2.12431418177015e-16
"2765",-1.07698404632599e-18
"2766",-1.20705732525351e-17
"2767",6.4893265931386e-17
"2768",5.96018208248061e-17
"2769",7.63231254167011e-17
"2770",9.84374629955969e-17
"2771",-4.97881462489708e-17
"2772",2.32156655916186e-14
"2773",-2.00566057541021e-14
"2774",1.66874818510465e-18
"2775",-1.63095711780361e-16
"2776",-1.90826886998518e-16
"2777",-1.42355869930761e-16
"2778",2.39310602527126e-17
"2779",2.03137345409087e-16
"2780",-0.000534424591970797
"2781",-9.14582082560807e-17
"2782",1.53995258440901e-16
"2783",-2.02230680901904e-16
"2784",-1.6161575669011e-16
"2785",-4.91188243733358e-17
"2786",-1.91774416278024e-16
"2787",-1.39582921021163e-16
"2788",-1.83953902393896e-16
"2789",-1.9792137920404e-16
"2790",2.05288722202119e-16
"2791",5.21643851224147e-17
"2792",1.44651601605059e-16
"2793",-0.000139516240052769
"2794",-2.68749911491246e-06
"2795",9.32516109256814e-17
"2796",-1.92579480075457e-17
"2797",1.18459718742463e-16
"2798",2.19382189714767e-16
"2799",1.58914575958139e-16
"2800",-0.000118395434816438
"2801",1.7249678480852e-16
"2802",-5.0657383654867e-17
"2803",1.33684400555518e-16
"2804",1.53874059713544e-16
"2805",1.50729163275791e-16
"2806",-4.8804043229364e-17
"2807",-2.17176684043958e-17
"2808",5.18401050142165e-17
"2809",-4.19194534680879e-17
"2810",2.07586911193845e-17
"2811",-8.40045759771365e-17
"2812",-1.01186605794215e-16
"2813",8.56710773075018e-17
"2814",1.57397692899179e-16
"2815",-1.75409256492142e-16
"2816",1.72973801927018e-16
"2817",-5.75286573369615e-17
"2818",-0.000233484385592553
"2819",-0.00337380273223838
"2820",-0.00316219373809851
"2821",-5.68537605204249e-17
"2822",1.63723124345715e-16
"2823",-1.88180593129562e-16
"2824",-1.7265669854595e-16
"2825",2.07607578843177e-16
"2826",-4.7178306084918e-17
"2827",-8.13311499390288e-17
"2828",2.03151528854374e-16
"2829",-4.44398736575061e-17
"2830",1.1813507918718e-16
"2831",-1.35016538906397e-16
"2832",1.46506301476407e-16
"2833",8.83682741167765e-17
"2834",1.90038072360454e-16
"2835",1.49811989091107e-16
"2836",6.72167508383964e-18
"2837",-1.38026156743212e-16
"2838",-8.09755279446095e-17
"2839",3.20589489269916e-18
"2840",-0.00651335999707304
"2841",-2.41527772084175e-12
"2842",-1.79503592997928e-16
"2843",2.8739123603939e-17
"2844",1.18955689390618e-16
"2845",1.29086853653035e-17
"2846",1.10903033809391e-16
"2847",-1.36970207332598e-16
"2848",1.23898764407454e-16
"2849",9.28938260226561e-17
"2850",-6.74856588884163e-17
"2851",1.28604171127585e-16
"2852",1.20746298835997e-16
"2853",8.05054058652569e-17
"2854",1.80179617280803e-16
"2855",5.80910824778854e-17
"2856",-0.000681888569525236
"2857",-1.65740744893224e-16
"2858",-1.01058741727384e-14
"2859",1.3285049424065e-16
"2860",-8.4360559032971e-17
"2861",2.05714969798072e-18
"2862",1.06888127278119e-16
"2863",-8.55194268913408e-18
"2864",-1.96914784250646e-16
"2865",1.73321096782683e-16
"2866",9.6567915695016e-17
"2867",-2.95186796285418e-17
"2868",1.32637654749842e-16
"2869",1.70208785174193e-16
"2870",-1.77405125967039e-16
"2871",-1.5462255812688e-16
"2872",-4.8588001728281e-17
"2873",2.16950899868539e-16
"2874",-1.44867274529129e-16
"2875",1.21679720632628e-16
"2876",-1.39070125562361e-14
"2877",1.30913984245639e-14
"2878",-1.71982374354431e-16
"2879",-6.29461313600336e-17
"2880",-6.26237588755696e-17
"2881",2.18866791154405e-16
"2882",-1.61617267429723e-16
"2883",1.16544433892807e-16
"2884",1.78834278234819e-16
"2885",1.08834905613044e-14
"2886",-4.67381506301468e-05
"2887",2.23488298748938e-17
"2888",-8.23147537261204e-18
"2889",-4.19248786450275e-17
"2890",6.29064462611833e-18
"2891",-1.12307865079813e-16
"2892",2.18148136942482e-16
"2893",1.05614447567835e-16
"2894",1.47266444616564e-16
"2895",-1.63040649221096e-16
"2896",-2.35746012802159e-17
"2897",-1.43704255002827e-16
"2898",-2.09636250138639e-16
"2899",-2.87094723656764e-18
"2900",-8.39457368258067e-17
"2901",-5.25883693669925e-17
"2902",-8.3731523741944e-17
"2903",2.09563765226717e-16
"2904",1.00869555517205e-16
"2905",1.40366275394906e-16
"2906",3.48747143763421e-17
"2907",-2.17656607629857e-16
"2908",1.17075900101864e-16
"2909",-1.05956784400639e-05
"2910",-1.68326667578763e-15
"2911",1.3586549748739e-16
"2912",-0.000563097976428666
"2913",7.01685935968637e-17
"2914",3.0507412694131e-17
"2915",-7.94501847848892e-17
"2916",1.69956766328209e-17
"2917",8.35670150586252e-17
"2918",-5.83946439932312e-17
"2919",4.86119598490927e-17
"2920",-1.13628462498389e-16
"2921",1.13407585944298e-17
"2922",3.4154168319622e-17
"2923",-6.32571930037545e-17
"2924",-2.91688600553515e-17
"2925",1.90074637730922e-16
"2926",2.95790448561972e-17
"2927",1.51711776086658e-17
"2928",-4.54229538538927e-17
"2929",-5.1107505263254e-17
"2930",1.09532440729281e-17
"2931",-2.08267748944493e-16
"2932",1.18642579038172e-16
"2933",3.11195002844054e-15
"2934",-6.53114473435195e-18
"2935",3.03790815074071e-17
"2936",-2.11273556638467e-16
"2937",-2.16517220441428e-16
"2938",3.2852103461847e-17
"2939",-1.39825621458531e-16
"2940",-7.49787373047925e-17
"2941",-1.56700625966675e-17
"2942",1.33411036569654e-16
"2943",8.65092233566863e-17
"2944",-1.24445161986702e-16
"2945",-1.93348223871929e-16
"2946",1.34476812695513e-16
"2947",2.0726170422415e-16
"2948",1.56250592655856e-16
"2949",8.73138122091425e-17
"2950",-1.01753925339207e-16
"2951",7.38971352401843e-17
"2952",-0.00145870764819902
"2953",-2.15392908909989e-16
"2954",-1.16743515395315e-16
"2955",2.42783336228471e-17
"2956",2.08488116746205e-16
"2957",-7.04021519108405e-17
"2958",-6.91134087325664e-17
"2959",-2.80759539389176e-14
"2960",1.72219327432282e-16
"2961",1.10643389332138e-16
"2962",-1.22725938716539e-16
"2963",-1.21676586898344e-17
"2964",2.46906860108808e-17
"2965",-1.22492378812896e-17
"2966",1.52611723345188e-16
"2967",-6.68281852572472e-17
"2968",-4.14154720377506e-17
"2969",1.5735731462693e-16
"2970",-1.47831572561886e-16
"2971",-1.81845863783091e-16
"2972",-4.49932244263601e-17
"2973",-9.14436618424287e-17
"2974",1.32702895365513e-16
"2975",1.92491739821607e-16
"2976",5.35816178140003e-18
"2977",5.2938819484711e-17
"2978",-8.8324731924375e-17
"2979",-1.51917433277484e-16
"2980",4.00778644594121e-17
"2981",1.09311449405518e-16
"2982",-1.76364468406331e-16
"2983",1.16196232564806e-16
"2984",1.43349024143086e-16
"2985",-1.1712354104345e-16
"2986",-1.86423926813852e-16
"2987",-1.38195797587615e-16
"2988",-2.59798314155918e-17
"2989",6.75151899415153e-16
"2990",6.03791722792971e-18
"2991",2.02253871927326e-16
"2992",-1.4351061273934e-17
"2993",-1.24575858222892e-16
"2994",7.82637080297555e-15
"2995",-1.83140873006417e-16
"2996",1.50874058016628e-16
"2997",2.04265263473044e-16
"2998",-9.64341619782063e-17
"2999",-4.71817402881953e-18
"3000",4.09689119166319e-17
"3001",1.94736304692623e-16
"3002",2.15681032712418e-16
"3003",-0.000271348802713616
"3004",1.94700868603485e-16
"3005",1.72328629800363e-16
"3006",-2.16891421025498e-14
"3007",5.13402595913414e-17
"3008",1.14536720324473e-16
"3009",2.12059187232582e-16
"3010",4.27867705118963e-14
"3011",3.58927744113002e-17
"3012",-1.41377786922711e-16
"3013",-1.9380050071647e-16
"3014",8.15405724231595e-17
"3015",-1.93687569380464e-17
"3016",7.33200649071043e-17
"3017",-1.75457738281599e-16
"3018",2.85956185787586e-16
"3019",-1.34315303558814e-17
"3020",5.74592676586269e-17
"3021",1.20850773215318e-16
"3022",1.52886431148727e-16
"3023",-1.82676298250942e-16
"3024",1.99847213505335e-16
"3025",1.2276241509494e-16
"3026",-4.76692468694943e-17
"3027",1.20903659235267e-16
"3028",-2.98548586583733e-17
"3029",1.39791903953582e-16
"3030",3.67632647023119e-17
"3031",1.39546074480804e-16
"3032",-5.87028237620011e-17
"3033",-1.23689561143342e-16
"3034",-8.63588340090107e-17
"3035",1.13960340374657e-14
"3036",1.1226750449307e-16
"3037",-1.73310939195036e-17
"3038",-1.45648244863832e-16
"3039",1.63873473476783e-17
"3040",-6.4342618384043e-17
"3041",-2.05176750689962e-16
"3042",-1.01152846737989e-16
"3043",-1.79812838895464e-16
"3044",7.2625312501106e-17
"3045",-3.11274672060058e-17
"3046",-2.04935473042407e-16
"3047",-2.04742754393848e-16
"3048",-4.07059790421505e-17
"3049",-6.204807424704e-17
"3050",2.08916533045375e-16
"3051",1.38966992564648e-18
"3052",-2.38169995126721e-17
"3053",-1.09712038500235e-16
"3054",9.23764835526205e-17
"3055",4.96965516338378e-17
"3056",1.10325672701017e-18
"3057",2.54289614548327e-17
"3058",8.70460213751999e-17
"3059",-1.13665139961464e-14
"3060",2.16828770881138e-16
"3061",8.01295749909173e-17
"3062",-1.11492684711893e-16
"3063",-2.13253522932188e-16
"3064",-3.07363996346054e-14
"3065",1.79409089187154e-16
"3066",2.18021892084155e-16
"3067",-1.62569653514388e-16
"3068",2.08784196284696e-17
"3069",1.16535414836602e-17
"3070",2.67798435854261e-17
"3071",6.83703114570031e-17
"3072",-7.64214219665635e-17
"3073",2.1180521609145e-16
"3074",-2.29145188163023e-17
"3075",8.2543972850244e-17
"3076",4.08067669061695e-17
"3077",-1.24579609869385e-16
"3078",-0.000271348802713805
"3079",-1.73929898985668e-17
"3080",9.04148224963554e-17
"3081",-2.44176290863344e-17
"3082",-1.60137046453953e-16
"3083",5.55711505854667e-17
"3084",7.31457305934426e-17
"3085",1.53454279496591e-16
"3086",-1.61153366985671e-16
"3087",-2.14873363286842e-16
"3088",1.71745896827287e-16
"3089",2.35039532392469e-14
"3090",-2.24953323344136e-14
"3091",-3.51873049604924e-17
"3092",-1.63476534277649e-16
"3093",-5.28232149874632e-17
"3094",1.7954561538407e-16
"3095",-1.34013345049933e-16
"3096",-1.80732734731858e-16
"3097",-2.11677883905222e-16
"3098",1.94748923167431e-14
"3099",1.28880558791271e-16
"3100",-1.54350496782976e-16
"3101",1.44711457864176e-16
"3102",-6.44142842973195e-14
"3103",-7.27650115823413e-17
"3104",6.75494660945841e-17
"3105",-1.20288470944038e-16
"3106",1.1845165231233e-16
"3107",-2.46108633201194e-17
"3108",-2.17698111055302e-17
"3109",8.1920585284999e-17
"3110",1.80716532770733e-16
"3111",-2.45995191470735e-17
"3112",1.32766166243834e-16
"3113",4.44442114054625e-17
"3114",-1.89715098854364e-16
"3115",1.62230530233955e-16
"3116",2.31900123541985e-18
"3117",1.77156148724364e-16
"3118",6.06006989535349e-17
"3119",2.92749909054556e-15
"3120",-1.12581873151722e-16
"3121",5.58787501132052e-17
"3122",-7.93431951668661e-17
"3123",1.72126695113539e-16
"3124",2.50948346092007e-17
"3125",-1.87521623450349e-16
"3126",-2.32753877691768e-17
"3127",-1.87067864528167e-16
"3128",-9.72586306031429e-17
"3129",-7.34034412376995e-17
"3130",-8.78035491855977e-17
"3131",2.09434223988566e-16
"3132",-1.25832073069716e-16
"3133",1.06347235721141e-16
"3134",-1.58536911882349e-16
"3135",1.62432172528657e-16
"3136",-1.28157737891156e-16
"3137",1.6744692049064e-16
"3138",1.69850774330075e-17
"3139",-0.000177104367092172
"3140",-0.000139570149807577
"3141",2.17454076250395e-16
"3142",-5.18799708008231e-18
"3143",-4.77979880295282e-17
"3144",2.13142466749766e-16
"3145",9.68673517586641e-17
"3146",2.91617860671968e-17
"3147",1.37965376234787e-16
"3148",-1.92208286192185e-16
"3149",-1.88250038115208e-16
"3150",-1.23123048291604e-16
"3151",2.98420373072496e-17
"3152",2.50310675316599e-18
"3153",1.88529765633794e-16
"3154",1.84993269189198e-16
"3155",-5.55215891589821e-17
"3156",-1.96389672729535e-16
"3157",2.03540853952779e-16
"3158",-9.16446519563192e-17
"3159",3.06115141299107e-17
"3160",-4.00467367832923e-18
"3161",4.3122586053708e-17
"3162",1.85571630114445e-16
"3163",1.0243655445097e-16
"3164",5.84825023362786e-17
"3165",1.11645395658144e-16
"3166",5.63484647889914e-17
"3167",-1.63277809070736e-16
"3168",1.43848898542648e-16
"3169",7.7997834482619e-18
"3170",1.7853513671806e-16
"3171",1.87466560853421e-16
"3172",-2.00720256863592e-16
"3173",1.05769088596631e-16
"3174",4.88793614264758e-17
"3175",1.34673609033434e-16
"3176",-4.88299379146575e-17
"3177",-2.15138632975862e-16
"3178",1.33601257809856e-16
"3179",-3.29106374862406e-17
"3180",2.02309570055159e-17
"3181",1.4548724957318e-16
"3182",5.85875512753801e-17
"3183",2.19840258850483e-16
"3184",-1.15508575491743e-16
"3185",6.85691684727563e-17
"3186",1.77674434325255e-16
"3187",1.55251888539886e-17
"3188",-8.48858986461004e-17
"3189",-2.04698478383905e-16
"3190",1.23132476384627e-16
"3191",-6.45915022564835e-17
"3192",1.42447330252049e-16
"3193",-1.78648570420891e-16
"3194",-1.36853466119299e-16
"3195",-1.53207218655336e-16
"3196",1.12040891053125e-16
"3197",2.16186553839894e-16
"3198",-2.99973008637345e-17
"3199",1.8483144676888e-17
"3200",1.03939257412055e-16
"3201",-5.54317055896722e-18
"3202",2.36240096087399e-17
"3203",-1.75830602443917e-16
"3204",1.97373037626683e-16
"3205",5.65611045763063e-17
"3206",-1.82177060906792e-16
"3207",-1.20937313446832e-17
"3208",-5.76485016092305e-17
"3209",2.05368604975574e-16
"3210",-2.09666449937267e-16
"3211",1.92013009599606e-16
"3212",-0.000150165828247733
"3213",-1.83363215888307e-17
"3214",-1.53807647810521e-16
"3215",2.23167863113432e-17
"3216",-2.03634439201784e-16
"3217",1.92741230402521e-17
"3218",-1.57592299766227e-16
"3219",2.12210339620437e-16
"3220",-1.62301723029619e-16
"3221",-1.53036354074346e-16
"3222",2.17064373917531e-16
"3223",1.74429879121366e-16
"3224",6.47549177294962e-17
"3225",2.16931491940008e-16
"3226",-5.59152134337584e-17
"3227",-6.95500324833353e-17
"3228",5.1379739769297e-14
"3229",-6.15394140207017e-17
"3230",1.07001320252319e-16
"3231",-4.35170255165778e-17
"3232",6.49233576338053e-18
"3233",2.01744647708528e-16
"3234",1.57405019872574e-16
"3235",-1.11549335351206e-16
"3236",3.63349656114741e-18
"3237",-1.77624340979786e-16
"3238",8.99627313046501e-17
"3239",-1.64579283641804e-16
"3240",-2.06638778891301e-16
"3241",1.71918534461052e-16
"3242",-3.16683181333958e-17
"3243",-1.96783859737484e-14
"3244",-9.67108630376117e-17
"3245",2.18786159413863e-17
"3246",-1.21622165706316e-16
"3247",-2.0002593570058e-14
"3248",-1.02277020999451e-16
"3249",-9.07672752184504e-17
"3250",3.92383115476749e-17
"3251",-1.41883954966347e-16
"3252",-1.38239071000533e-16
"3253",-1.50966560369161e-16
"3254",-1.07560321076372e-17
"3255",4.35189152125366e-17
"3256",-3.83687451822802e-17
"3257",2.56727062704962e-17
"3258",-2.1876774651617e-15
"3259",-1.05593513298555e-16
"3260",1.01023934220221e-16
"3261",-2.02641645957136e-16
"3262",-1.06647479122912e-16
"3263",-8.24242412662859e-17
"3264",3.27910218309995e-17
"3265",3.82082078005842e-17
"3266",-1.5206266852089e-16
"3267",2.04673607229375e-16
"3268",1.69975496002621e-16
"3269",-1.72448748245778e-16
"3270",-8.13775201930495e-17
"3271",3.8780397854928e-17
"3272",9.36172755300751e-17
"3273",-1.61441546715499e-16
"3274",1.10586126094836e-16
"3275",-8.93357909690864e-17
"3276",-7.11846447151055e-17
"3277",3.4625879123788e-17
"3278",2.11589095765396e-16
"3279",-4.99215279398477e-17
"3280",7.87078422620705e-18
"3281",7.71829038051425e-17
"3282",1.65430434200331e-16
"3283",-6.8293259834733e-18
"3284",4.19689948084926e-17
"3285",3.29503983216401e-17
"3286",7.82092384785619e-18
"3287",-1.28095770782842e-16
"3288",7.34009480235465e-17
"3289",-1.56760487367551e-16
"3290",1.98377528655736e-16
"3291",2.19187178215684e-16
"3292",4.39408312722782e-17
"3293",-2.50855932889262e-17
"3294",-4.81905205770287e-17
"3295",-1.42037408352757e-16
"3296",3.15072377483383e-17
"3297",4.27834963466438e-14
"3298",3.21861589136236e-17
"3299",-1.31377541445233e-16
"3300",1.7668844446528e-16
"3301",6.91972538063384e-18
"3302",1.05639052011569e-17
"3303",1.12617484093734e-17
"3304",-3.04522495788998e-17
"3305",2.149195507223e-16
"3306",1.84412652142027e-16
"3307",7.59997203829429e-17
"3308",5.26535876008578e-17
"3309",1.13975101644038e-16
"3310",-5.98813141043425e-17
"3311",-1.95551006768532e-16
"3312",1.35038764952032e-16
"3313",2.9212596424038e-17
"3314",1.93934525998425e-16
"3315",-4.88783610083398e-17
"3316",-4.05632352226246e-17
"3317",-1.61468548371401e-16
"3318",-1.69998036722855e-16
"3319",-1.31985763295926e-16
"3320",-1.39040071566323e-16
"3321",1.9736237687067e-16
"3322",-1.29912423405112e-16
"3323",1.8241848794938e-16
"3324",1.57100441154762e-16
"3325",4.12652627042178e-17
"3326",1.25459794151129e-16
"3327",1.86068107179676e-16
"3328",8.37239950066635e-17
"3329",-1.21090299125052e-16
"3330",-4.79951046269775e-17
"3331",1.18068922944244e-16
"3332",-2.07252314391211e-16
"3333",-2.40062819829323e-17
"3334",-1.70553920886204e-16
"3335",-2.76403503572754e-17
"3336",-1.14728513568776e-16
"3337",-5.96242353967417e-17
"3338",1.22930150146089e-16
"3339",1.21488662980642e-16
"3340",3.67722913106916e-17
"3341",2.46491431414022e-19
"3342",1.74564977459423e-16
"3343",-1.07930421766753e-16
"3344",2.65975517860776e-17
"3345",-1.8777118753147e-16
"3346",-1.23929230503302e-16
"3347",1.68183609935251e-16
"3348",-1.21188787458466e-16
"3349",-1.44452362997045e-16
"3350",1.99542480320046e-16
"3351",-2.02083799495109e-16
"3352",-1.39269506884042e-16
"3353",1.42452895977078e-16
"3354",-2.71425937535034e-17
"3355",1.66886585037233e-16
"3356",1.87146827597136e-16
"3357",-1.74095441294044e-17
"3358",1.02441632906942e-16
"3359",1.56136714686919e-16
"3360",-3.47413596660812e-17
"3361",-2.11167492802976e-16
"3362",-6.17922428728361e-17
"3363",1.85241463533456e-16
"3364",-1.83653184740297e-16
"3365",1.5676335227618e-16
"3366",-1.15373820870023e-16
"3367",-1.62916304528931e-16
"3368",-4.30495803412495e-18
"3369",3.79940249965642e-17
"3370",-2.01208176666697e-16
"3371",1.60149086974154e-16
"3372",-1.23674644164532e-16
"3373",-1.32204158389178e-16
"3374",-2.00539352490434e-16
"3375",1.5388376585226e-16
"3376",-2.39629507928462e-17
"3377",1.04625627217773e-16
"3378",-1.8114794800205e-16
"3379",-1.18650314378564e-16
"3380",3.89484378244439e-17
"3381",1.78945086032272e-16
"3382",1.98186252671879e-17
"3383",3.2793351286158e-17
"3384",-1.02653427051514e-16
