"","hub"
"1",2.87276316338345e-16
"2",2.1193939013145e-16
"3",-1.46677381466264e-16
"4",2.37482289269999e-17
"5",-1.88142714816351e-17
"6",1.61437437133199e-16
"7",2.60055044907236e-16
"8",-1.02661765940981e-16
"9",-1.03170057340739e-16
"10",-2.49415448716618e-16
"11",6.68182848020455e-17
"12",-1.1173069162141e-17
"13",-1.90587382180754e-16
"14",2.67804825410084e-16
"15",2.56230980829222e-16
"16",-1.70544385291271e-17
"17",-9.82725145569728e-17
"18",2.82748119966696e-16
"19",6.68329985279106e-17
"20",2.48964258029834e-16
"21",4.73862037476615e-17
"22",-1.07461123678232e-16
"23",-5.10692130441425e-17
"24",-2.47494577980506e-16
"25",-1.98744329248913e-16
"26",-1.54664185715177e-17
"27",2.33765614350099e-16
"28",-8.83706441685621e-17
"29",4.8304552702142e-17
"30",-1.15348372169034e-16
"31",-2.35626010410845e-16
"32",-1.50610475414493e-16
"33",1.36204193779262e-16
"34",2.59373166714962e-16
"35",-1.35453905040981e-16
"36",9.85199219622263e-17
"37",-7.61872657791152e-17
"38",-1.4729713501587e-16
"39",-2.81910145061479e-16
"40",7.72774358613619e-17
"41",1.45313122967895e-16
"42",-2.76940359422807e-16
"43",-1.27729467054739e-16
"44",-1.45360425847177e-16
"45",-8.70494450372291e-17
"46",2.45585918239447e-16
"47",-7.54689820242478e-17
"48",-2.20861295999451e-16
"49",1.30701426473776e-16
"50",3.65109921834179e-17
"51",-1.53261285476716e-16
"52",1.27507860688505e-17
"53",1.50339361645468e-16
"54",1.2928030729171e-16
"55",8.08885818109132e-17
"56",1.9150263106401e-16
"57",7.73621861451374e-18
"58",-2.28459917882332e-16
"59",-2.35136882783967e-16
"60",2.52548420281844e-16
"61",-2.32567179390628e-16
"62",-2.58824015228524e-18
"63",-9.34211464410425e-18
"64",1.04047121393375e-16
"65",-2.79881744068724e-16
"66",3.465751643094e-18
"67",1.34357577713216e-16
"68",2.34576360471128e-16
"69",-2.57122874148916e-16
"70",2.45038736433298e-16
"71",-4.05500285998596e-19
"72",6.65738116714781e-17
"73",1.27886451321423e-16
"74",-2.3752740084243e-16
"75",-1.70930955458358e-17
"76",2.04199141707143e-17
"77",-2.53312327163946e-16
"78",2.5853012682508e-16
"79",-1.49857892074949e-16
"80",-1.55305984422774e-16
"81",-1.88204911775969e-16
"82",2.14978763846633e-16
"83",2.77923617547309e-16
"84",-1.08291161232457e-16
"85",-2.11327786585679e-16
"86",-7.4312930843473e-17
"87",-1.35699345327521e-16
"88",-1.29484503905872e-16
"89",-2.87782558755502e-16
"90",-2.227890848978e-16
"91",1.53375079314988e-16
"92",1.11011494052396e-16
"93",8.55468866631551e-17
"94",-7.62786125860693e-18
"95",-5.2297352895483e-17
"96",-1.98915417395048e-16
"97",5.06093035404579e-17
"98",-1.9644918652054e-16
"99",1.32354368687364e-16
"100",4.85994085112163e-17
"101",-2.14942084738232e-17
"102",1.8455627290836e-17
"103",1.2212386401076e-16
"104",1.84341114691547e-16
"105",1.98859208962933e-16
"106",-4.10836733114078e-17
"107",-1.74275447777407e-16
"108",2.6830867776454e-16
"109",-1.98013161897601e-17
"110",8.72713660637478e-19
"111",-2.61032482293444e-16
"112",-1.42051950974563e-16
"113",-3.13756852155209e-17
"114",-2.24578810781369e-16
"115",-7.16251163842152e-17
"116",-1.96909876504753e-16
"117",1.95421060476162e-16
"118",1.6496852615757e-16
"119",-1.23156526957277e-16
"120",2.11982068356496e-16
"121",2.34805179688497e-16
"122",1.29558114173496e-16
"123",2.85416065921921e-16
"124",4.92117367344979e-17
"125",2.71558180864316e-16
"126",-1.20316050412561e-16
"127",-2.51812588271817e-16
"128",1.49743890205046e-16
"129",1.83485362814472e-16
"130",1.0477655513082e-16
"131",-2.22160100886587e-16
"132",-8.7107914418455e-17
"133",2.01236302656615e-16
"134",-1.04232295318913e-16
"135",6.56330492261055e-17
"136",6.4559082886246e-17
"137",1.48677081520687e-19
"138",2.02581981843774e-16
"139",-5.00854584480755e-17
"140",-1.98558130308984e-16
"141",-5.16995972751566e-17
"142",-2.61714985876378e-16
"143",-3.22354708892855e-17
"144",2.0253902503096e-16
"145",-2.77152553969689e-16
"146",5.23916123098757e-17
"147",2.05640127164896e-16
"148",-3.72329079257325e-17
"149",1.4208322307882e-16
"150",6.58529869318943e-18
"151",2.06561840091988e-17
"152",-2.64698615511272e-16
"153",2.15231656370945e-16
"154",1.72481201328674e-16
"155",1.03903411673125e-16
"156",-7.42003358981946e-17
"157",2.14585291372705e-16
"158",-8.67551226201158e-17
"159",-6.96258630182114e-17
"160",-1.73807114751218e-16
"161",1.44857438022434e-16
"162",1.35422477198063e-17
"163",6.35042245978401e-17
"164",1.70430543456766e-16
"165",2.70684249105549e-16
"166",-2.29926803055405e-16
"167",4.21478748432652e-17
"168",2.05350397691886e-16
"169",-2.57005566109261e-16
"170",5.16727012851691e-17
"171",2.12227084153499e-16
"172",-2.2160267485445e-16
"173",2.34434277385295e-16
"174",1.94260745358667e-16
"175",2.46059445380187e-16
"176",7.73694598229604e-17
"177",1.41744303936289e-16
"178",2.09302732432335e-16
"179",-1.62570778683847e-16
"180",2.56873385787146e-17
"181",8.622209761255e-17
"182",2.74127488367966e-17
"183",-1.77423754284225e-16
"184",-2.48075717699168e-16
"185",-8.67309760414375e-17
"186",1.63255969863976e-16
"187",-1.03195308622867e-16
"188",-2.34838519206338e-16
"189",1.43559774842671e-16
"190",-2.07360034630213e-16
"191",1.65203821980228e-17
"192",-3.42144075413627e-18
"193",-5.75675322651898e-17
"194",-1.82627969471496e-16
"195",-1.46808927577539e-16
"196",2.16711132541866e-17
"197",-2.59361162691052e-16
"198",-7.6197572107802e-17
"199",3.48758515677492e-17
"200",-1.86593411859261e-16
"201",-1.08358217311563e-16
"202",-1.16157009886662e-16
"203",-2.79441168157825e-16
"204",-2.61173170630619e-16
"205",-2.01980467183803e-16
"206",1.21044858179156e-16
"207",-2.14889919249991e-17
"208",-8.28387179804767e-18
"209",2.27903116236742e-16
"210",4.93789168079222e-17
"211",-4.41207728991935e-17
"212",-2.16200268308486e-16
"213",3.44776759695356e-17
"214",-1.3197725019407e-16
"215",-2.12035070858084e-16
"216",-1.2360562459821e-16
"217",-1.724612135592e-16
"218",-1.18630078435839e-16
"219",-1.38868975010511e-16
"220",2.76068091100293e-16
"221",-2.21836151270382e-16
"222",-1.43264652926587e-17
"223",2.10565875648527e-17
"224",2.4971172831006e-16
"225",-1.22521794663773e-16
"226",6.35096646862797e-18
"227",-9.62959627319994e-17
"228",-1.04628462015846e-16
"229",1.72866240053131e-16
"230",-2.39987845510717e-16
"231",-2.1010845704373e-16
"232",-2.23978409860008e-16
"233",-2.53104289962696e-17
"234",2.07364864916829e-16
"235",2.84972663042188e-17
"236",-2.81818010141743e-16
"237",1.64059870067741e-16
"238",3.09496257594641e-17
"239",1.05637397414017e-16
"240",-8.42441131534424e-18
"241",-2.18968070874706e-16
"242",3.45219885293861e-17
"243",1.86252860725472e-17
"244",-1.76010165579217e-16
"245",7.73344085513386e-17
"246",1.65466438642196e-16
"247",-2.87271668111643e-16
"248",1.99186469655442e-16
"249",-7.47199614556634e-17
"250",-6.67375146508273e-17
"251",2.87067501917382e-16
"252",2.8633498425545e-16
"253",-1.56494672864858e-16
"254",-1.3051612516927e-16
"255",1.03822580733838e-16
"256",4.72928370175754e-17
"257",-1.04738781366073e-16
"258",-1.03703161621589e-16
"259",1.69438484818205e-16
"260",-1.936404063792e-16
"261",-1.19859734065349e-16
"262",-1.88197963158685e-16
"263",2.32936335514319e-16
"264",2.40643393543793e-16
"265",-1.51676398225644e-16
"266",-7.42743124906212e-17
"267",1.64131281725158e-16
"268",1.64822887287836e-16
"269",2.40648540185792e-16
"270",6.37914165946173e-17
"271",-2.59748026061309e-16
"272",-2.56948315819099e-16
"273",6.34182045188261e-17
"274",1.32691162038943e-16
"275",-1.10733214802538e-16
"276",1.2385715002898e-16
"277",-1.58589126038763e-16
"278",-1.63291251185328e-16
"279",4.45056049567824e-17
"280",1.25060058751355e-16
"281",1.75437013914963e-16
"282",2.80787105263335e-16
"283",1.77334960236104e-16
"284",-2.77163289844043e-16
"285",1.47007133494158e-16
"286",-1.83242852463234e-16
"287",2.08719957512475e-16
"288",5.8557827087593e-17
"289",-5.80809706008779e-17
"290",1.85489127187573e-16
"291",-1.88910523020639e-16
"292",1.95940039022478e-16
"293",-2.79882163825052e-16
"294",1.39459466957077e-16
"295",1.53167871188348e-16
"296",2.29043499333085e-16
"297",1.60916188575465e-16
"298",-7.72152403197079e-17
"299",-1.12728976447714e-16
"300",-1.69280699872695e-16
"301",-1.12740848851867e-16
"302",-1.45030330833844e-16
"303",-9.70792392025049e-17
"304",-7.65903352694794e-17
"305",2.54677088677786e-16
"306",-5.6462621953567e-17
"307",1.568968278445e-16
"308",1.04301985650288e-16
"309",-1.14754709528471e-16
"310",2.19250782701352e-16
"311",-1.50801325690801e-16
"312",-1.50038057415911e-17
"313",-3.09918959888669e-17
"314",-5.04840621248433e-17
"315",9.7884693604485e-17
"316",-1.16542720871122e-16
"317",2.05457966089603e-16
"318",1.94523911800382e-16
"319",8.41215820646221e-18
"320",-2.07036002602662e-16
"321",-1.79970766860042e-16
"322",-3.26631824108933e-17
"323",-1.37262401181368e-16
"324",1.05656130906291e-16
"325",2.09979865120231e-16
"326",-1.6412587922287e-17
"327",1.08706476996917e-16
"328",-5.07154461367265e-17
"329",-1.03900071848489e-17
"330",3.96027559970825e-17
"331",1.38202492464948e-16
"332",7.45644886437984e-17
"333",6.14657597367108e-17
"334",3.05274715687707e-17
"335",1.38338632811624e-17
"336",6.44161561042414e-17
"337",1.26774951558287e-16
"338",2.42544838907427e-16
"339",7.48918834440987e-17
"340",1.41394651881277e-16
"341",-9.8478811633926e-17
"342",-1.01134601205839e-16
"343",-8.00387549736858e-18
"344",-1.31653088957421e-16
"345",-1.26639015319133e-16
"346",-2.55401745742462e-16
"347",2.25762111403216e-17
"348",-2.52961467110198e-16
"349",1.02432958283339e-16
"350",2.27420113235758e-17
"351",-9.84824630509457e-18
"352",-9.28098778267673e-17
"353",5.64608039229321e-17
"354",-6.05741821158084e-17
"355",-2.796211809898e-16
"356",2.01096682992234e-16
"357",-9.75881152421277e-17
"358",8.95739948264493e-17
"359",-2.39815207368168e-17
"360",-1.31014701904476e-17
"361",-1.89238372935551e-16
"362",2.7822066964596e-16
"363",1.29596295426927e-16
"364",-8.22366726024847e-17
"365",-2.65294402460991e-17
"366",-2.39822345699557e-16
"367",1.33803065420248e-16
"368",-2.70672614947694e-16
"369",1.45589132936678e-16
"370",-1.97753647785615e-16
"371",-1.11273906477744e-16
"372",2.54166405080697e-17
"373",-1.82282602603613e-16
"374",2.73870651143194e-16
"375",1.94743787541196e-16
"376",-1.19098182981815e-16
"377",-1.19374949336967e-16
"378",3.63296724120966e-17
"379",-4.72747285280159e-17
"380",-1.44744402503701e-16
"381",-2.81234300260257e-16
"382",-1.12141996169908e-16
"383",1.26553387958066e-16
"384",-1.45476002740782e-16
"385",1.89171152989965e-16
"386",2.84756210064279e-16
"387",2.46969896306017e-18
"388",-9.31221321900593e-06
"389",1.93503076777083e-16
"390",-2.3164939479838e-16
"391",-1.62486274736521e-16
"392",-1.41424088158008e-16
"393",3.64321942830549e-17
"394",2.83826617248461e-16
"395",-4.87660179044242e-17
"396",-1.06359808123093e-17
"397",2.48938057471121e-16
"398",-2.52901815950083e-17
"399",6.32219132745527e-17
"400",1.63408546176952e-16
"401",6.56686818855124e-17
"402",-7.28907382454243e-17
"403",-9.14559176796223e-17
"404",-1.20275920177159e-16
"405",-2.21619768382064e-17
"406",1.26044766575303e-16
"407",-1.82054932825204e-16
"408",7.34735737072103e-17
"409",-1.06929917998011e-16
"410",1.09161558255807e-16
"411",2.82042418652097e-16
"412",2.2795398049902e-16
"413",-1.20384217033833e-17
"414",-1.58046394516817e-16
"415",1.60507508159912e-16
"416",2.55206942234954e-16
"417",2.46079516917188e-16
"418",1.94899570660438e-16
"419",-1.28764996361132e-16
"420",1.16553845849398e-16
"421",2.57797074234961e-16
"422",1.27330552821294e-17
"423",2.46291635967354e-17
"424",-1.14887882911033e-17
"425",3.07372830480402e-17
"426",2.007470315324e-16
"427",1.22673885734304e-16
"428",-1.91651605669109e-16
"429",-1.12298064599122e-16
"430",-4.4544690214477e-17
"431",-1.03861641000502e-16
"432",9.71589516405473e-17
"433",2.54635169697334e-16
"434",-2.79905213055366e-16
"435",-2.43445743198961e-17
"436",2.86182289224489e-16
"437",-2.04676683212104e-16
"438",2.70884105964808e-16
"439",7.02017052382895e-17
"440",5.95036524405676e-18
"441",-4.37390872531042e-17
"442",-1.37051151951994e-16
"443",-1.03138576381124e-16
"444",-2.08712742336952e-17
"445",2.66249335461498e-16
"446",2.1632998054248e-16
"447",-2.71655784969096e-16
"448",1.78956422220021e-16
"449",8.53216761553059e-17
"450",-6.54735198125406e-17
"451",-6.18808089440464e-17
"452",2.14934772656351e-16
"453",-3.0352512302208e-17
"454",-2.60605119517804e-16
"455",8.22224390265404e-17
"456",-1.94700036400854e-16
"457",-2.71842475611027e-16
"458",1.38415738042611e-16
"459",1.42528333329096e-16
"460",4.35354950215127e-17
"461",-1.79390806076628e-16
"462",-2.28817792926657e-16
"463",1.46603698981123e-16
"464",-1.49556213013712e-16
"465",-1.11907596832648e-16
"466",2.7721462722041e-17
"467",1.35805802074472e-16
"468",-9.50768475769405e-17
"469",2.20128770609093e-16
"470",1.66881743048217e-16
"471",2.21870413960714e-16
"472",-2.69492975056771e-17
"473",2.8365748476885e-16
"474",1.86539914145328e-16
"475",-5.70887301473828e-17
"476",3.90649352521275e-17
"477",2.39335900855712e-16
"478",-1.07701325068278e-16
"479",7.15325854796051e-17
"480",-1.93481466201212e-16
"481",2.15960030487848e-16
"482",-2.72163187608236e-16
"483",2.69534536040318e-16
"484",2.41453617932767e-16
"485",3.30990711356867e-18
"486",-1.54678512985011e-16
"487",-2.48891791884141e-16
"488",1.43566782011942e-16
"489",8.05176296438145e-17
"490",-1.54727434929226e-16
"491",2.56708373295816e-20
"492",-1.43199715710707e-16
"493",-9.86509659250658e-17
"494",-1.042183070379e-16
"495",-1.47746377155777e-16
"496",2.6600052740593e-16
"497",1.54746191620272e-16
"498",1.59811207329264e-16
"499",-3.59476371492449e-17
"500",-8.7732059733748e-17
"501",-6.6881046980237e-17
"502",7.3706673089767e-17
"503",1.57688220338457e-16
"504",1.53079117140057e-16
"505",-8.76313338984701e-17
"506",1.91924197441614e-16
"507",-1.40162570890911e-16
"508",1.96137005566433e-16
"509",2.60544652369631e-16
"510",-9.31249330720694e-17
"511",-7.89429327953209e-07
"512",-2.57853400062205e-16
"513",9.08522570034221e-18
"514",-6.93552650715316e-17
"515",-2.37879887347067e-16
"516",2.77589269472024e-16
"517",-5.36462684940912e-17
"518",-1.27375130960043e-16
"519",1.96196126467695e-18
"520",2.55912633209848e-16
"521",3.34840104613477e-17
"522",-1.10312061076157e-17
"523",-1.56464748893871e-16
"524",2.49351934174941e-16
"525",3.29098721751131e-17
"526",-2.74527173102479e-16
"527",1.8543800924273e-17
"528",9.82343286912749e-17
"529",3.10071775256841e-17
"530",-1.39434392965213e-16
"531",1.69605701510791e-16
"532",1.88963202145126e-16
"533",7.28501446251397e-17
"534",-2.52773531281788e-16
"535",-2.67173958817548e-16
"536",1.40558222602139e-16
"537",2.46615878300436e-16
"538",2.15767436465097e-16
"539",-1.51174466335714e-17
"540",1.94943111787619e-16
"541",-1.01715445139691e-17
"542",2.26738444783792e-16
"543",-1.95808515994059e-16
"544",7.5262229151614e-17
"545",4.37623291075342e-17
"546",9.94653370070752e-17
"547",-1.22823065329573e-16
"548",-4.41032438651158e-17
"549",-2.1363600721209e-16
"550",-1.4789121444988e-16
"551",-1.92985452845956e-16
"552",-1.1450976110144e-16
"553",6.36398819606198e-17
"554",-2.50164959029287e-16
"555",-6.06435129185026e-17
"556",7.92640927231815e-17
"557",-2.26606557720848e-17
"558",2.58120035763799e-17
"559",5.65032062596016e-17
"560",1.48787236746749e-16
"561",2.39098327241178e-16
"562",4.49680060298949e-17
"563",1.5854010437685e-17
"564",1.20965996204288e-16
"565",2.26679606831786e-16
"566",1.63041158384129e-16
"567",-1.73652978745417e-16
"568",-1.57322907802475e-17
"569",-9.68373066268319e-17
"570",-2.09227494599475e-16
"571",1.46956945216389e-16
"572",-1.21525933838194e-16
"573",1.35777158211305e-16
"574",6.7328423195703e-17
"575",2.40738062642798e-16
"576",2.31006972948302e-17
"577",1.53865048662553e-16
"578",-1.69854176692298e-16
"579",4.96184745759232e-18
"580",2.85167603970628e-16
"581",1.34386023270704e-16
"582",-9.44949462875196e-17
"583",4.30392707092521e-17
"584",1.79863286467031e-16
"585",-2.65190467771388e-16
"586",2.10070142175614e-16
"587",-1.70093992762369e-16
"588",-2.56146144639555e-16
"589",1.88637303517274e-16
"590",-6.08132119900003e-17
"591",2.50688777722325e-16
"592",8.75554340467547e-17
"593",1.19166093979815e-16
"594",-5.55072578297381e-18
"595",-1.86859139065045e-16
"596",-1.92223428559145e-16
"597",-1.30056887622699e-16
"598",9.79691611853961e-17
"599",-1.73397621939705e-16
"600",-7.56322942036965e-17
"601",2.61253175410416e-16
"602",2.63534916760591e-16
"603",1.99030939650764e-16
"604",-1.53654076528955e-16
"605",2.5111830159114e-16
"606",-1.10780730383055e-17
"607",-2.46330557769265e-16
"608",1.6063739612404e-16
"609",1.69593190396326e-16
"610",2.36002291972513e-16
"611",-1.14747662804014e-16
"612",-1.18643484321186e-16
"613",3.08695895026737e-18
"614",1.36935486821001e-16
"615",-1.21597656125111e-16
"616",6.98511751646121e-17
"617",1.71888926989295e-16
"618",1.53863871240481e-16
"619",3.66817936167193e-17
"620",1.75267320379739e-17
"621",-2.07569220740815e-16
"622",-2.7471202048113e-16
"623",3.18482053407311e-17
"624",2.67533148511081e-16
"625",-1.36375155481888e-17
"626",2.68963906747962e-16
"627",-1.45359367515861e-16
"628",-5.2564132997105e-17
"629",-1.85547605796407e-16
"630",9.77958734115261e-17
"631",1.5344483630567e-16
"632",-2.09503576458011e-17
"633",3.9801654706874e-17
"634",5.53654567974501e-17
"635",-2.7978231873398e-16
"636",-2.68799348423029e-16
"637",-2.01372939115671e-16
"638",-2.10957970653386e-16
"639",1.07832707944588e-16
"640",2.01786653291476e-16
"641",-2.86056241542167e-16
"642",-7.9998604907247e-17
"643",1.82703794518261e-17
"644",-2.48368552782536e-16
"645",-1.09586581069031e-16
"646",-1.80534793151503e-16
"647",-2.38438326661476e-17
"648",-4.18488526397914e-17
"649",1.961934022486e-16
"650",-2.55689472600628e-16
"651",-1.84364237260192e-16
"652",1.9806843344359e-16
"653",2.63626257219723e-16
"654",8.98404053051991e-17
"655",2.2351758576285e-16
"656",2.31387476469581e-16
"657",-1.07998302520957e-17
"658",2.74055106515082e-16
"659",-3.53027465475374e-17
"660",-2.05273684521236e-16
"661",-9.71459087345187e-18
"662",-1.00457761714442e-16
"663",-1.36224243678913e-16
"664",-1.13860648028232e-16
"665",2.73643720200616e-16
"666",1.76954498516453e-16
"667",-9.80850264885187e-17
"668",8.84619565116962e-17
"669",2.48190354284429e-16
"670",2.05727991903244e-16
"671",-2.42188262647279e-16
"672",1.59994900580249e-16
"673",6.87892954062046e-17
"674",-4.9340532183482e-17
"675",1.90561125905232e-16
"676",2.72575843095409e-16
"677",-1.09612282833613e-16
"678",-1.50704548813544e-16
"679",-1.22707963808283e-16
"680",2.42991841409264e-16
"681",-5.1603866144049e-17
"682",-2.44050457339074e-16
"683",-2.46418452143507e-16
"684",3.98813271034785e-17
"685",-3.43236201696796e-18
"686",-1.90772926998183e-16
"687",-2.4039328426545e-16
"688",-5.82713817864144e-17
"689",-1.28819483232611e-16
"690",-1.11175317069693e-17
"691",5.28658305040004e-18
"692",1.9487731864772e-16
"693",-2.7346928318304e-16
"694",-4.28402687716482e-17
"695",1.30415256644849e-16
"696",-1.80473466675542e-17
"697",-1.14142622985603e-16
"698",-9.60753742257894e-17
"699",2.31479780756873e-16
"700",-2.8004514405734e-17
"701",-6.37052836405428e-17
"702",-9.65260181058102e-17
"703",2.79755399971755e-18
"704",-4.11623327005658e-17
"705",-5.11449496179951e-17
"706",3.36601090345508e-17
"707",2.00565030788291e-16
"708",-1.30715526155145e-18
"709",-1.32547631860543e-16
"710",2.68854941576194e-16
"711",2.57458030701734e-16
"712",-1.26758995507893e-17
"713",1.02822946025547e-16
"714",2.67289096580821e-16
"715",1.4610518132874e-16
"716",2.25810177513932e-16
"717",6.7357534706341e-17
"718",-2.97745131948424e-17
"719",-5.58460241727995e-17
"720",-6.38191831914801e-17
"721",-2.49401664423277e-16
"722",-1.56305938568845e-16
"723",-7.54518103744057e-18
"724",7.63862951938851e-18
"725",-8.62356652484785e-17
"726",-1.13255670715104e-16
"727",5.30663512823041e-17
"728",7.54858620256084e-18
"729",1.15978965844622e-17
"730",-1.21070579039376e-16
"731",-1.96671578333673e-17
"732",1.28491591363762e-16
"733",-6.06012967968028e-17
"734",1.261179366141e-16
"735",-1.16670346225503e-16
"736",-1.74534387662567e-17
"737",-2.5201655418802e-16
"738",1.51900645903426e-16
"739",4.96034482609131e-17
"740",-5.60185156067405e-17
"741",-1.63097393509484e-16
"742",-2.4113494660784e-16
"743",-1.04409966724775e-16
"744",-1.84872496053796e-16
"745",-1.57152721527568e-17
"746",1.55163639458162e-16
"747",2.04422378984835e-16
"748",-2.29219872178026e-16
"749",1.42708972578707e-16
"750",-8.69401945810363e-17
"751",2.84148909098501e-16
"752",-2.50214453199802e-16
"753",1.29011619801791e-16
"754",-2.06302513498751e-16
"755",1.27183978533142e-16
"756",-2.59936766292266e-16
"757",-3.91038587567443e-18
"758",2.16337207982243e-16
"759",4.80420742502717e-17
"760",-1.16179172427478e-16
"761",3.65420183904059e-17
"762",2.25338478203984e-16
"763",-1.53014168942906e-16
"764",2.29808475720497e-16
"765",3.38107472127847e-17
"766",8.94872019830596e-17
"767",1.16574734125094e-16
"768",-1.47935087085582e-16
"769",9.26988714224053e-17
"770",9.707378161522e-17
"771",2.54855836626901e-16
"772",-4.18642045407567e-17
"773",8.44362324533793e-18
"774",1.70665358719703e-16
"775",2.21911057510686e-16
"776",-2.72676618473186e-16
"777",-2.09352801038013e-16
"778",4.67901800865665e-18
"779",7.62786683034929e-17
"780",-1.748634003926e-16
"781",1.94385752700397e-16
"782",1.95533643637913e-16
"783",2.54145761509247e-16
"784",2.01017227479826e-16
"785",1.83154883464525e-17
"786",6.84676392147237e-17
"787",-2.20551919571368e-16
"788",4.37321844179338e-17
"789",5.0402977265397e-17
"790",-8.70876624694187e-17
"791",1.1012781916897e-16
"792",2.53054346783702e-16
"793",-1.80549129555504e-16
"794",-2.28842142337556e-16
"795",-2.41486501441361e-16
"796",-2.30393915861895e-16
"797",-1.54706757349112e-16
"798",1.89489742915894e-16
"799",-4.17095118887232e-17
"800",2.68588691632138e-16
"801",-1.74339935098035e-16
"802",-1.27544894274847e-17
"803",-2.0789695076815e-16
"804",1.2812269180018e-16
"805",-2.1251842897558e-16
"806",-4.98742359593342e-17
"807",6.36979894830006e-17
"808",-1.79347874952658e-16
"809",-1.47561961167001e-17
"810",-2.52821685658814e-16
"811",4.58672676356099e-17
"812",-4.58985169865576e-17
"813",-1.43235871190228e-16
"814",-2.18699130445405e-16
"815",9.29158110914473e-17
"816",1.78415241668388e-16
"817",-1.39777664067615e-16
"818",-1.2556781307063e-16
"819",-2.17688706075948e-16
"820",2.45176989328745e-16
"821",-1.20877257885734e-16
"822",-2.17941484817652e-16
"823",8.09137411861236e-17
"824",2.35395571195247e-16
"825",1.9541659894105e-16
"826",4.78895222971433e-17
"827",2.31108741140373e-16
"828",-1.00289269926229e-16
"829",-3.58517467134881e-17
"830",-1.79767586268252e-16
"831",-2.17319991333963e-16
"832",-1.54665518897092e-16
"833",-7.76703394874779e-17
"834",-2.27894968391388e-16
"835",-2.17326236113967e-16
"836",7.74974018252809e-18
"837",2.22246868717334e-16
"838",7.01378100754635e-17
"839",6.72280357308173e-17
"840",-1.07806771125742e-16
"841",2.17407592922543e-16
"842",2.43334324951679e-16
"843",2.05668424115697e-16
"844",1.28437646704709e-17
"845",-1.19867721661025e-16
"846",1.50031034997077e-16
"847",6.26663680400672e-17
"848",-2.73860817099897e-16
"849",-7.37759478348466e-17
"850",-1.04050665614882e-16
"851",-2.34586584886195e-16
"852",7.8812212312163e-17
"853",-2.06308025700614e-16
"854",-1.6909771533701e-16
"855",4.08719276868365e-17
"856",2.44540984240358e-16
"857",7.87596849791917e-19
"858",9.26267600836245e-18
"859",2.8308968709381e-17
"860",1.96638103222487e-19
"861",-1.3810078921967e-16
"862",-2.4835579967359e-16
"863",1.14967947800065e-16
"864",2.0303898024221e-16
"865",2.23865467040045e-16
"866",2.41230796261998e-16
"867",-2.71480759198698e-16
"868",5.26958565459371e-17
"869",1.50397922485308e-16
"870",-2.66326262974641e-16
"871",-1.91454687496204e-16
"872",1.73254463221825e-16
"873",2.12752043465325e-16
"874",1.74464819166193e-16
"875",9.23427057926004e-17
"876",-4.34769929077127e-17
"877",3.42628672468016e-17
"878",-4.92807108897681e-17
"879",3.85687713404023e-17
"880",7.55418690051882e-17
"881",6.7825382999222e-17
"882",-5.75456375039754e-17
"883",4.04864809453309e-17
"884",2.02228320360938e-16
"885",-9.78159244215666e-17
"886",-2.84196851515191e-16
"887",-1.13702043059898e-16
"888",5.59078612054262e-17
"889",-2.00779565812312e-16
"890",-1.83413607186898e-16
"891",-1.68086872216675e-16
"892",1.21286074656658e-14
"893",2.80967790027291e-16
"894",1.16127843643571e-17
"895",-8.01026110562333e-17
"896",-8.42936662704258e-17
"897",-8.31226151051967e-17
"898",-1.72061484184598e-16
"899",7.03250857023626e-17
"900",8.18807329880253e-17
"901",6.34472817324928e-17
"902",9.53620479305412e-17
"903",-1.11041672856727e-16
"904",2.03924849438441e-16
"905",1.19964148548086e-16
"906",-9.55843948303181e-17
"907",-2.03652158617998e-16
"908",1.06609906484648e-16
"909",2.04388541896365e-16
"910",-5.87922359456352e-17
"911",2.83670701686568e-16
"912",-2.41697947133804e-16
"913",6.78979429932318e-17
"914",-9.48280179173638e-18
"915",8.9339421365538e-17
"916",1.35791228702245e-16
"917",1.20087884045645e-16
"918",-1.91628564619871e-16
"919",2.15819942590405e-16
"920",-3.22618875990573e-06
"921",2.58716236093883e-16
"922",2.41359556886419e-17
"923",7.07042469507566e-17
"924",1.97643087886761e-16
"925",-1.46818871937433e-16
"926",-9.54786708452928e-17
"927",2.80324474305102e-16
"928",-1.69659927286969e-16
"929",-3.5092429096479e-17
"930",1.21362796925091e-16
"931",4.84173540211666e-17
"932",1.02874688880543e-16
"933",-8.38842784135267e-18
"934",-1.25974931148697e-16
"935",-1.96607961768953e-16
"936",-1.43180129302032e-14
"937",2.00466842451527e-17
"938",7.27000562466293e-17
"939",2.58168793001626e-16
"940",2.44238994170936e-16
"941",-1.15709330540867e-14
"942",-3.7913567216741e-17
"943",-1.90894312391785e-16
"944",4.44608084360608e-17
"945",-1.9493259058691e-16
"946",1.18972159040422e-16
"947",1.83507368916274e-16
"948",-0.00344458428062975
"949",-2.49282756712005e-16
"950",-5.1324717936723e-17
"951",7.52131971713373e-17
"952",2.12115656005295e-17
"953",-7.33431051559003e-17
"954",-2.55156289276318e-16
"955",5.40083755480505e-17
"956",-0.000609270002826014
"957",3.16307030368077e-17
"958",-9.29378665483187e-15
"959",-1.42539859603047e-16
"960",-2.09039402095596e-16
"961",2.11527402796591e-16
"962",2.27105485411063e-16
"963",-9.49816629292418e-17
"964",-1.91386071557646e-16
"965",-2.59639710574557e-10
"966",-9.11226916704383e-17
"967",-2.7706693358889e-16
"968",2.76557121144707e-16
"969",-2.41716971697941e-16
"970",1.75749368595411e-16
"971",-2.68518912948625e-16
"972",-1.32705002444612e-17
"973",1.26948983393938e-16
"974",-1.26176398915065e-16
"975",-1.38532844384103e-14
"976",-1.93712329397908e-16
"977",-0.000493590438780219
"978",-9.19814169213347e-17
"979",-1.32114295638556e-16
"980",-8.21099673844639e-17
"981",8.65384783139919e-17
"982",-2.00569034402593e-17
"983",-9.4185041715679e-17
"984",1.0149667969536e-16
"985",-2.11857208464498e-16
"986",3.31109388287838e-17
"987",-2.40040268557734e-16
"988",1.28309135369355e-16
"989",-2.59372703846939e-16
"990",2.20803213064887e-16
"991",-1.0126872250067e-16
"992",-1.9331984341612e-16
"993",-2.65305234585548e-16
"994",9.60500183247961e-17
"995",-8.75158130793053e-07
"996",-2.06621333621535e-17
"997",-1.82770964045871e-16
"998",-2.47376373964093e-16
"999",-9.33953237294977e-17
"1000",1.47566585295648e-16
"1001",-2.53013901965941e-16
"1002",-4.81265729481034e-15
"1003",2.14835615295662e-16
"1004",1.44937220058001e-16
"1005",-0.000635592823309712
"1006",1.74661200999717e-16
"1007",1.93926074786132e-16
"1008",-0.0019368447277462
"1009",-5.87880993092787e-17
"1010",-7.07822849518591e-17
"1011",-1.94527846472442e-16
"1012",3.99944984676403e-14
"1013",6.23621344859846e-17
"1014",-2.13178936091008e-16
"1015",-9.6153161912199e-17
"1016",2.20753083022281e-16
"1017",2.87177969648496e-16
"1018",-1.0124267130802e-16
"1019",-7.3746455639119e-17
"1020",2.60343487190252e-17
"1021",-4.27049330580857e-17
"1022",2.68186851027947e-16
"1023",8.52735215607763e-17
"1024",-2.04045960017152e-16
"1025",7.42374908409943e-17
"1026",-9.27974260419168e-17
"1027",-4.3893325611041e-17
"1028",-1.85865421663718e-08
"1029",-1.40379116155525e-16
"1030",1.26630853507859e-16
"1031",1.47463714719953e-14
"1032",1.86131882381872e-16
"1033",2.34083899734959e-16
"1034",-2.28103727005344e-16
"1035",-2.82997703784046e-16
"1036",-5.41488346768011e-17
"1037",2.67564458315318e-16
"1038",-1.09815023431432e-16
"1039",7.3598916122679e-18
"1040",-3.98444162664302e-17
"1041",-2.27190633404662e-16
"1042",3.75321930556023e-17
"1043",-1.08432267325755e-16
"1044",1.70861624598285e-16
"1045",1.04694153274497e-17
"1046",1.30571172318546e-16
"1047",-2.56789901805718e-16
"1048",1.46984413267796e-16
"1049",-2.60399390451598e-16
"1050",1.32370532675672e-17
"1051",2.14365495351994e-16
"1052",-2.65175024812386e-16
"1053",-2.0512988310489e-16
"1054",1.62093488668353e-16
"1055",2.83548346033165e-16
"1056",-1.61966913914757e-16
"1057",2.58313098903417e-16
"1058",-2.6423526011245e-16
"1059",-8.11675379996032e-17
"1060",-4.21609158227493e-17
"1061",2.08173711938262e-16
"1062",2.13137028185573e-16
"1063",-1.01412523375361e-07
"1064",-1.06473636216127e-18
"1065",-7.75896591175088e-15
"1066",-2.90603443914991e-18
"1067",-1.51791071769341e-17
"1068",2.19085238183864e-16
"1069",-2.31613611257981e-16
"1070",-9.70205129768759e-17
"1071",1.27931889433299e-16
"1072",6.4975895242514e-17
"1073",6.22897491812792e-17
"1074",-1.90231726458009e-16
"1075",1.47324527254008e-16
"1076",2.16513397889334e-16
"1077",-1.31100856572579e-16
"1078",-8.51772568193331e-17
"1079",1.71248620819502e-16
"1080",-2.0039874413277e-16
"1081",2.74174165739347e-16
"1082",2.2638518327129e-16
"1083",1.79150553525707e-16
"1084",7.98582968970911e-17
"1085",-1.60625692030515e-16
"1086",-1.256343617669e-16
"1087",-9.57228308266674e-17
"1088",-4.65967848998993e-17
"1089",8.55682751075619e-17
"1090",1.9686155039299e-16
"1091",1.19597414576436e-16
"1092",1.89862348600863e-16
"1093",-0.00026965278753915
"1094",-9.84303103283127e-17
"1095",5.47173421980585e-17
"1096",-2.2194460500537e-16
"1097",-4.54829195675314e-17
"1098",-0.0323407143724067
"1099",3.60336186182139e-17
"1100",-1.14629443271861e-16
"1101",-2.60800289544581e-14
"1102",-1.67880608588259e-16
"1103",-2.0018592294093e-16
"1104",1.24910956401244e-16
"1105",1.35277718997426e-16
"1106",1.89336436678576e-16
"1107",-1.92663661546275e-17
"1108",-0.00100225145883023
"1109",-2.85957722269981e-16
"1110",-1.43514352692245e-16
"1111",2.16935634758747e-16
"1112",1.93040552456744e-16
"1113",4.30513108024984e-17
"1114",-1.56917895363887e-16
"1115",1.64840552946874e-16
"1116",3.80140852358026e-17
"1117",2.68064517899397e-16
"1118",-2.46345531450537e-16
"1119",2.26235968493553e-16
"1120",1.34118300628342e-16
"1121",1.02992805419582e-17
"1122",-1.68018292592079e-16
"1123",1.39374846820296e-16
"1124",1.6453976555432e-16
"1125",1.24857438544332e-16
"1126",6.85130448719231e-17
"1127",1.67919485729119e-16
"1128",-2.46233627205694e-16
"1129",-1.51556392671851e-16
"1130",-6.68121378619427e-17
"1131",-4.35167923528019e-17
"1132",8.24958532733561e-17
"1133",-2.34117631809906e-16
"1134",1.73579450129459e-16
"1135",2.2204719825812e-16
"1136",-1.67496129710194e-16
"1137",-1.13768800378159e-16
"1138",2.76736011015469e-16
"1139",-1.42531478608609e-16
"1140",2.21215704162253e-16
"1141",-2.26481265771603e-16
"1142",-8.87959100412406e-17
"1143",8.86088120135792e-17
"1144",6.77072708168353e-17
"1145",1.63947649907916e-16
"1146",9.71778105731245e-17
"1147",2.77271309035714e-16
"1148",-2.38154497532382e-16
"1149",-3.73963130239095e-16
"1150",6.12487623017324e-17
"1151",-1.32259350565422e-16
"1152",-1.90741219262351e-16
"1153",-2.17167173198918e-16
"1154",2.12184054028339e-16
"1155",9.00204892220494e-17
"1156",-2.53798719284286e-16
"1157",7.9184193405867e-17
"1158",8.49149635333768e-17
"1159",2.41168137069941e-16
"1160",-1.84421121320075e-05
"1161",-1.58219228376139e-16
"1162",-1.71280395007584e-14
"1163",3.85461984074494e-18
"1164",-1.82532472624373e-16
"1165",-8.20763042823899e-17
"1166",3.71106803388152e-17
"1167",8.45005780674668e-17
"1168",8.66466431040471e-17
"1169",1.25582038834351e-16
"1170",-2.41052719449186e-16
"1171",-7.24141019779043e-17
"1172",-1.40391849517492e-16
"1173",-5.15052037362393e-15
"1174",-1.58271694122471e-16
"1175",1.42266511690151e-16
"1176",-0.000490240058659121
"1177",-2.03630404912397e-16
"1178",1.06649494671566e-16
"1179",-6.22107096469358e-17
"1180",6.74574009596126e-15
"1181",-0.000225699709986089
"1182",2.10719684107585e-16
"1183",-0.000849794043665025
"1184",2.14777067268538e-16
"1185",1.70886638315051e-16
"1186",-1.44003504823371e-16
"1187",2.46064126275399e-16
"1188",2.35805710161146e-17
"1189",-2.67032659743089e-16
"1190",1.52268211975923e-16
"1191",1.73773253832173e-16
"1192",-1.05470017096847e-16
"1193",2.4029008694777e-16
"1194",-2.03338499258354e-16
"1195",1.99509701061657e-16
"1196",2.18360913655401e-16
"1197",-1.77387754367478e-16
"1198",-2.5496698078581e-16
"1199",2.61132128663042e-16
"1200",2.52715106838628e-16
"1201",-1.89778434369633e-16
"1202",2.05763479195575e-16
"1203",-1.72265454190392e-16
"1204",1.5655551224125e-16
"1205",5.78676000494901e-17
"1206",-5.69621338750957e-17
"1207",-8.90308575140193e-17
"1208",2.55838269709221e-16
"1209",-2.79698487335706e-16
"1210",-1.79490118393629e-16
"1211",4.9677065993663e-17
"1212",2.69247799437008e-16
"1213",2.25121080701044e-16
"1214",-2.7292773834277e-16
"1215",-2.10705140512878e-16
"1216",-9.81514905935419e-17
"1217",-1.92212779179337e-16
"1218",1.50444836885735e-16
"1219",-1.24542567737132e-16
"1220",-5.14523896654783e-17
"1221",1.59786074685556e-16
"1222",1.56343537371244e-16
"1223",-5.59188501340656e-06
"1224",3.00333354898692e-17
"1225",5.17398185459707e-17
"1226",-2.48488122683169e-16
"1227",2.7428521039511e-16
"1228",-7.73834863180273e-18
"1229",7.07034215434653e-17
"1230",-2.06418392306842e-16
"1231",-1.68642025022968e-16
"1232",-6.28437010351545e-17
"1233",9.65414872094611e-17
"1234",-7.11917734327483e-17
"1235",-8.83947356149677e-17
"1236",-8.29855776060057e-17
"1237",1.38475410565939e-16
"1238",2.7258729746036e-16
"1239",-2.80434666832509e-16
"1240",1.68413048813134e-16
"1241",-8.18001198962161e-17
"1242",-3.46941181909792e-17
"1243",7.06436759162804e-17
"1244",2.18003089648913e-16
"1245",2.92302357921394e-17
"1246",2.07601133525455e-16
"1247",-4.93001004023602e-17
"1248",-2.44387644747559e-17
"1249",9.38155948071078e-18
"1250",-2.21835540027598e-16
"1251",2.40125269738257e-16
"1252",7.8915638739449e-17
"1253",2.2931526341598e-16
"1254",1.15301388766951e-16
"1255",-1.96408542821569e-16
"1256",-2.37289149683575e-16
"1257",-1.8806010197091e-16
"1258",-2.6984792684688e-16
"1259",-1.79565966612461e-16
"1260",-0.0345496683405374
"1261",-1.94763202661316e-16
"1262",2.94557362469547e-17
"1263",-8.1607237103998e-17
"1264",-1.11211706594702e-16
"1265",-1.81504606951226e-16
"1266",1.82601464206781e-17
"1267",-2.03259836820453e-05
"1268",5.64573138089886e-17
"1269",-2.47392656516317e-16
"1270",1.88428780552737e-17
"1271",6.98923771021161e-17
"1272",-1.00737445237223e-17
"1273",1.5612346771968e-16
"1274",-2.28799671085049e-16
"1275",-2.78910428793902e-16
"1276",2.0838000492328e-16
"1277",2.38230525174847e-17
"1278",-1.08504766401894e-16
"1279",1.26831678488279e-16
"1280",5.22510997412287e-17
"1281",-1.37734852402263e-16
"1282",2.69232025420112e-16
"1283",1.12675747614334e-16
"1284",1.76108124219013e-16
"1285",-8.64260293471872e-12
"1286",1.29468283920527e-16
"1287",-1.25122687302139e-16
"1288",5.2441974497446e-17
"1289",-1.63883589210556e-16
"1290",-1.27627883675124e-16
"1291",-4.41399361928844e-17
"1292",-7.63209779505856e-17
"1293",-1.71247047854511e-16
"1294",2.87233514971321e-16
"1295",-7.33801480909594e-17
"1296",8.83319131716841e-17
"1297",1.61726582469132e-17
"1298",4.47001356485477e-18
"1299",-1.70077010719713e-17
"1300",1.04181251358263e-16
"1301",-2.05189633452178e-16
"1302",2.08210091304672e-16
"1303",5.79902321884323e-17
"1304",6.49688249370794e-17
"1305",-1.9912342774105e-16
"1306",2.55027209118116e-16
"1307",2.47660169266492e-17
"1308",-1.52221622253457e-16
"1309",1.19393696816011e-16
"1310",-2.64758653245959e-16
"1311",-2.86735029478439e-16
"1312",-2.85921120688661e-16
"1313",-0.000198876341616642
"1314",8.62324971950358e-17
"1315",-1.70610751299958e-16
"1316",1.73201819387181e-16
"1317",-0.000627296692792627
"1318",-2.45453948819892e-17
"1319",1.42619322970986e-16
"1320",1.71164144542099e-16
"1321",-4.3496112114177e-17
"1322",-7.90191076364688e-18
"1323",-1.42038207490983e-16
"1324",-6.19941930809918e-17
"1325",-2.81436237672976e-16
"1326",-1.7173758113934e-16
"1327",-3.14892103728861e-17
"1328",2.02717034442634e-16
"1329",2.25810232577275e-16
"1330",-6.41859691958147e-05
"1331",1.46045514610095e-16
"1332",-4.10801570592187e-17
"1333",8.24220052014086e-15
"1334",-1.02588712765731e-16
"1335",-0.000809350768837863
"1336",-1.97871882989294e-16
"1337",-2.1568930782027e-16
"1338",9.65255909883232e-17
"1339",2.03944001054228e-16
"1340",-1.40207703743981e-16
"1341",-9.29975639038998e-17
"1342",5.58127122060598e-17
"1343",-4.8853777218104e-17
"1344",-3.17978700831717e-17
"1345",3.37387291963875e-18
"1346",-6.58152160091568e-17
"1347",-2.44020019914789e-16
"1348",-6.54697230325147e-17
"1349",1.40270282038935e-16
"1350",2.64087893369948e-16
"1351",-6.94091377706979e-17
"1352",9.0041662526718e-17
"1353",2.73872498397095e-16
"1354",1.89328285287431e-16
"1355",-6.35017670930366e-17
"1356",4.37519420402256e-17
"1357",-3.93455324312685e-17
"1358",-1.32394529976158e-16
"1359",7.21784818697454e-17
"1360",7.71219132386972e-17
"1361",7.10187846222405e-17
"1362",2.37234433462475e-16
"1363",-4.77297575136663e-17
"1364",4.68799605261457e-17
"1365",-9.13853039991641e-05
"1366",1.0059724709636e-16
"1367",-1.06266496940946e-16
"1368",-3.66868091609193e-17
"1369",-2.13576930065684e-16
"1370",-1.82845515606601e-17
"1371",-2.72600368531059e-16
"1372",-0.00029078157177858
"1373",1.41705948470356e-17
"1374",2.24524433644327e-16
"1375",-2.83050893653119e-16
"1376",-0.00404228461293293
"1377",-1.14449640365421e-16
"1378",2.14253506905496e-16
"1379",1.43875925709897e-17
"1380",2.53120213206573e-16
"1381",3.1550218765728e-17
"1382",-2.40041571172004e-16
"1383",3.48227467272668e-17
"1384",-0.00598041243546548
"1385",-2.85332748328931e-16
"1386",-2.83337830127117e-17
"1387",2.15905204882797e-16
"1388",-1.98924150951981e-16
"1389",1.77750303072079e-16
"1390",-9.41606194898376e-17
"1391",-8.97779470008071e-17
"1392",-2.71697543741132e-16
"1393",2.43555747061385e-17
"1394",1.95687260516047e-16
"1395",2.06720554272891e-16
"1396",1.24485471940866e-16
"1397",-2.70924824439454e-16
"1398",-5.62042339780857e-17
"1399",-2.02047543921189e-16
"1400",2.50926662727034e-16
"1401",-2.44548736213708e-16
"1402",-2.58007116659056e-16
"1403",1.91412832560991e-17
"1404",-2.57387678229781e-14
"1405",2.27762433728677e-17
"1406",-0.000204440134635215
"1407",-2.1067087401733e-16
"1408",1.73453087089401e-16
"1409",6.61481317229769e-17
"1410",-1.48987390107797e-16
"1411",-1.80498695487818e-16
"1412",-0.00193684472776872
"1413",-0.000913984061938046
"1414",-1.05130946402734e-16
"1415",1.06949771780132e-16
"1416",1.90351165835611e-16
"1417",-1.08129519560673e-16
"1418",-2.41632618961566e-16
"1419",1.91989368284901e-16
"1420",-0.00404228461293262
"1421",1.85854661811017e-16
"1422",1.84470633488328e-16
"1423",1.73627247893882e-16
"1424",-9.64094308942423e-17
"1425",-1.00382813671494e-16
"1426",-1.00220047864607e-17
"1427",1.01662500757079e-16
"1428",1.89740804296458e-17
"1429",1.02613022822087e-16
"1430",2.33466412990845e-16
"1431",-2.12829268639155e-16
"1432",3.15075762766613e-17
"1433",2.02007898968029e-16
"1434",-8.73496237430599e-17
"1435",-2.53694414931014e-16
"1436",-2.19874967540003e-16
"1437",-9.22514715552742e-17
"1438",1.70326960730851e-16
"1439",1.89767879864306e-16
"1440",2.77716078104587e-16
"1441",1.92664578480014e-16
"1442",2.24203120135562e-16
"1443",7.97144673074152e-17
"1444",-3.5116107708533e-17
"1445",-2.66480217073782e-16
"1446",1.45782204537937e-16
"1447",2.73619301712112e-16
"1448",2.70813194161068e-16
"1449",-2.21834356662747e-16
"1450",-2.21918522330836e-16
"1451",-2.37101419801366e-16
"1452",-2.71971714646978e-17
"1453",1.8827720092874e-16
"1454",7.45745713355935e-18
"1455",-1.80790920400769e-16
"1456",-2.50689688672005e-16
"1457",-4.75945692162838e-17
"1458",-2.80733758633916e-17
"1459",1.61945863823275e-17
"1460",-1.45593563132318e-16
"1461",9.62081913382382e-17
"1462",1.88313151214616e-16
"1463",-7.43947024624826e-18
"1464",6.86453544688736e-17
"1465",-1.88121525139236e-16
"1466",-2.68551325282849e-16
"1467",2.84343548422973e-16
"1468",1.14272881272761e-16
"1469",2.61039838656805e-17
"1470",4.65711107055441e-15
"1471",-1.9723027264301e-16
"1472",1.43490665476551e-16
"1473",-1.34316477102541e-16
"1474",-1.95212783819301e-16
"1475",4.43737336317321e-17
"1476",-8.39036376283946e-05
"1477",5.41306075708982e-17
"1478",-1.50979367780402e-17
"1479",-1.46758510052187e-17
"1480",2.34487712286584e-16
"1481",5.54237735347697e-17
"1482",-1.40408572963386e-14
"1483",1.34652605458602e-16
"1484",1.10411237954305e-16
"1485",1.80942195565939e-16
"1486",-1.47365433359092e-16
"1487",-6.95267551413824e-17
"1488",-8.34090899038614e-17
"1489",9.91401338002085e-17
"1490",1.98152988380535e-16
"1491",-0.0022180654580765
"1492",2.56731101823721e-17
"1493",-1.90286839549038e-17
"1494",1.94153327053048e-16
"1495",-2.43859680715956e-16
"1496",5.22122640231521e-17
"1497",2.69282242957754e-16
"1498",1.90784426717559e-16
"1499",-3.72701927233448e-17
"1500",-2.78684362640136e-16
"1501",2.05955580476617e-16
"1502",9.56632287796429e-17
"1503",1.0989387876339e-16
"1504",8.37515251717919e-17
"1505",1.93776402393023e-16
"1506",1.02024309580318e-16
"1507",6.94150140573158e-17
"1508",-8.129300470144e-17
"1509",-0.000121679178760707
"1510",2.65534679032298e-16
"1511",9.46058402353493e-17
"1512",2.42530612974089e-16
"1513",-2.52759738203887e-17
"1514",5.09171088006188e-18
"1515",1.21869576367139e-16
"1516",1.41718998952766e-16
"1517",3.48572229921778e-17
"1518",-9.1309611452029e-17
"1519",1.00240298612011e-16
"1520",2.86003865862038e-16
"1521",-2.71181667337388e-16
"1522",2.29160631497137e-16
"1523",1.04557000517971e-16
"1524",-2.61645366222795e-16
"1525",8.6846740019435e-17
"1526",1.92453938542672e-16
"1527",-0.0027810488980072
"1528",2.2065423380519e-16
"1529",2.63169268535897e-16
"1530",-2.64507536918999e-16
"1531",-1.63659407358362e-16
"1532",1.60681370037577e-16
"1533",2.28850874934061e-16
"1534",1.40728743761236e-16
"1535",3.59122011791815e-17
"1536",1.47701752717035e-16
"1537",1.2466818584645e-16
"1538",-0.0461833973446339
"1539",-2.19275230067796e-16
"1540",-2.02589863654581e-16
"1541",-9.77385737300607e-17
"1542",-0.0050322232902052
"1543",-1.48130169054277e-16
"1544",-2.31030122791588e-16
"1545",-2.03049770875765e-16
"1546",-1.4911398261749e-16
"1547",-0.0301091703566946
"1548",-2.86491666873591e-16
"1549",-0.0016999059374288
"1550",7.19605714029863e-17
"1551",-0.0453043789142091
"1552",-1.40927041236753e-16
"1553",-8.43046869034934e-05
"1554",-1.52586600995771e-16
"1555",4.0996852333045e-17
"1556",-8.13848127314324e-17
"1557",2.07396725458602e-17
"1558",2.28589355012202e-16
"1559",1.82819358026743e-16
"1560",-2.08912504612071e-16
"1561",-2.59402417355984e-10
"1562",-2.47328052594675e-16
"1563",-2.28879952628683e-16
"1564",1.19959793868287e-16
"1565",-0.000116756566705064
"1566",-2.73087849515813e-16
"1567",-2.52658930099474e-17
"1568",-1.89780161940213e-16
"1569",2.56009946351475e-16
"1570",1.77992068052857e-16
"1571",-2.72686607040353e-16
"1572",-1.5239655606854e-16
"1573",-0.000923336954834739
"1574",2.68634954485344e-16
"1575",-1.06019692914031e-17
"1576",7.14233379833098e-17
"1577",-2.72210214423946e-08
"1578",1.76256953172596e-16
"1579",1.55922672158808e-16
"1580",-5.57033489296808e-17
"1581",-2.27511707046841e-16
"1582",-2.84471921293039e-17
"1583",2.38841606481185e-16
"1584",-1.58942736939033e-16
"1585",-1.55068965756567e-16
"1586",-1.19523136908653e-16
"1587",-0.00249683385261389
"1588",-2.20397270076691e-16
"1589",2.45524216924007e-16
"1590",-2.84885737544474e-16
"1591",1.31948244794166e-16
"1592",1.30417476234037e-19
"1593",-1.07633898758912e-16
"1594",-1.4245996976653e-16
"1595",-2.55457578500245e-16
"1596",-1.08777107102039e-16
"1597",-2.36453602904615e-16
"1598",1.88882268275659e-16
"1599",-1.80847577920074e-16
"1600",1.24857386357323e-16
"1601",1.04168211897034e-17
"1602",-2.35997573027965e-16
"1603",-1.16764720350138e-16
"1604",5.77716241337961e-17
"1605",1.90152545583646e-16
"1606",-0.000518816507574578
"1607",1.6668673911092e-16
"1608",-2.78232326329413e-17
"1609",7.30757815341037e-17
"1610",1.36008485237092e-16
"1611",-1.76535889698605e-16
"1612",1.51983382849889e-16
"1613",-9.13419753896904e-17
"1614",9.44974731010599e-17
"1615",-1.26915924734478e-17
"1616",2.70924331842333e-17
"1617",-6.13726753514584e-17
"1618",-9.57658802667209e-17
"1619",2.74322040973595e-16
"1620",-1.83521737963275e-16
"1621",7.03091303080501e-17
"1622",-2.40719501182242e-17
"1623",-2.70286381926423e-16
"1624",-1.41292909013088e-16
"1625",-1.68248490150744e-16
"1626",-1.4874438908412e-16
"1627",2.69255114430938e-17
"1628",5.35934486832859e-17
"1629",1.46736925287059e-16
"1630",-1.1630490680564e-16
"1631",1.64164512351456e-16
"1632",-9.24797626626309e-17
"1633",5.34214643335814e-17
"1634",1.28475648413263e-16
"1635",9.00977477991158e-17
"1636",1.14177047043867e-16
"1637",-1.07908694301393e-16
"1638",-2.60896178375715e-16
"1639",-1.60012383642304e-16
"1640",-2.31701230192413e-16
"1641",2.7522466263163e-16
"1642",-2.727465863318e-16
"1643",2.56613195340945e-16
"1644",5.17084410935706e-17
"1645",1.93483183010582e-16
"1646",-1.70260926404761e-16
"1647",2.80998270905144e-16
"1648",-5.87092557704918e-17
"1649",-6.36485016028466e-07
"1650",2.24680824263884e-16
"1651",-2.58566964950883e-17
"1652",2.45153289300185e-16
"1653",-3.24936557181216e-17
"1654",6.69904530483294e-17
"1655",1.07010284641893e-17
"1656",6.26206733459583e-17
"1657",5.24026028998208e-17
"1658",-3.39873440843173e-17
"1659",-2.5301265722431e-16
"1660",-1.14336963778876e-16
"1661",-5.14088048269947e-17
"1662",2.8157239924923e-16
"1663",1.24746293490339e-16
"1664",6.46618906942325e-17
"1665",-1.41432661519694e-16
"1666",-3.76825819573578e-17
"1667",-0.00553003538953865
"1668",1.3291140901741e-16
"1669",2.19920367142623e-16
"1670",1.94213263705983e-16
"1671",8.37474259726268e-17
"1672",-1.76717143579463e-16
"1673",1.34218881272343e-16
"1674",1.77659912978436e-16
"1675",4.91572917805392e-17
"1676",-8.51862008594604e-17
"1677",-1.70655276222105e-17
"1678",2.44881365987835e-16
"1679",-9.63295690530273e-06
"1680",6.96022681437847e-17
"1681",2.30368696164442e-16
"1682",3.86905822302427e-18
"1683",2.10607406091521e-16
"1684",1.63130008288124e-16
"1685",-0.00208955664838867
"1686",8.40850049468225e-17
"1687",-2.83479242316348e-16
"1688",-2.25224888316877e-16
"1689",-0.0323407143724056
"1690",3.49513558547629e-17
"1691",-1.73526726208278e-16
"1692",-2.76714301630471e-16
"1693",1.14113500770055e-16
"1694",-0.000112157467996302
"1695",-2.98454235812206e-17
"1696",2.04615023752892e-16
"1697",-3.76628398526322e-18
"1698",9.47113963481089e-20
"1699",-1.32137757448509e-16
"1700",2.40085931046657e-16
"1701",1.62555207335337e-16
"1702",1.87573563677685e-16
"1703",6.59482128712404e-17
"1704",7.20434949475567e-17
"1705",1.35600298174306e-16
"1706",1.9234102371291e-16
"1707",-3.03983431909528e-06
"1708",1.45936742819513e-16
"1709",-2.25833619165889e-16
"1710",-1.67121478832526e-16
"1711",-2.66741927754799e-16
"1712",1.43108888415545e-16
"1713",1.23927054422652e-16
"1714",-2.86338413417419e-17
"1715",-1.25695967406161e-16
"1716",-8.77472642824235e-18
"1717",7.76617368377569e-18
"1718",8.50982522212641e-17
"1719",-2.05741103880431e-16
"1720",5.04969805627061e-17
"1721",2.75813809105501e-16
"1722",-2.3926082141787e-16
"1723",-2.63745768809141e-16
"1724",-3.95585584429834e-17
"1725",-2.85505451003341e-16
"1726",5.71793620121572e-17
"1727",-0.00185194971110043
"1728",-1.76125156159184e-16
"1729",-0.00668606596393329
"1730",2.61904830512996e-16
"1731",-2.60808868182084e-17
"1732",2.1263541853446e-16
"1733",-3.71721300361744e-15
"1734",-2.69910052563883e-16
"1735",-1.04096268497966e-16
"1736",1.6845719599347e-16
"1737",-3.67282502283699e-17
"1738",-1.90180669331919e-16
"1739",1.18959490229912e-16
"1740",1.11677814172737e-16
"1741",-2.75343204065366e-16
"1742",-2.7914208891773e-16
"1743",-1.86698516069086e-08
"1744",9.61141078844162e-17
"1745",-0.00148520932807486
"1746",2.39508220255409e-16
"1747",-1.76719330418097e-16
"1748",-1.04237515536564e-16
"1749",-5.43573108973953e-17
"1750",1.70041866281388e-16
"1751",1.72211425941101e-16
"1752",1.93288839652445e-16
"1753",1.25696684291148e-16
"1754",1.73403848018224e-16
"1755",-1.68197058442394e-16
"1756",-2.13010427569901e-16
"1757",-1.6629228366767e-16
"1758",-0.00112783770373134
"1759",-5.45727917009875e-05
"1760",1.4546469011937e-16
"1761",-1.50057410628838e-16
"1762",-9.78334790509486e-18
"1763",6.20941240100873e-17
"1764",5.82575461220314e-14
"1765",9.59680141531718e-17
"1766",-5.56696333048239e-17
"1767",-0.006528773300942
"1768",-2.79134918889712e-16
"1769",-2.60591963760666e-16
"1770",-1.85645608934439e-16
"1771",-1.58987689636557e-16
"1772",-1.07198212055865e-16
"1773",-1.9657241424379e-16
"1774",-7.35152850073451e-17
"1775",-1.53994413922902e-16
"1776",5.93289111666404e-17
"1777",-4.8993548493157e-17
"1778",4.60171045439006e-17
"1779",-1.72972809871542e-16
"1780",-0.00538214074783655
"1781",-3.64538030497015e-09
"1782",-1.56033743939026e-14
"1783",2.63358384431207e-14
"1784",1.17808177128335e-16
"1785",-0.000149106106103203
"1786",1.47747582902622e-17
"1787",-2.2962342115011e-16
"1788",4.07033052964355e-17
"1789",-6.71892265474235e-09
"1790",2.06557818277781e-17
"1791",2.86873628043231e-16
"1792",-9.09807624993827e-17
"1793",2.34333212014306e-16
"1794",-3.58288390698287e-17
"1795",-1.02962648472217e-16
"1796",-0.0441818950279476
"1797",-5.95546788842943e-06
"1798",-8.76209288972749e-17
"1799",-2.77167271532399e-16
"1800",2.87713437820118e-16
"1801",-0.00191338181302085
"1802",2.83667096853189e-16
"1803",2.36968134572553e-16
"1804",-0.00887188443580204
"1805",-2.4526188859649e-16
"1806",1.64020074784022e-16
"1807",-1.61872309386982e-16
"1808",-0.00231912000195884
"1809",1.22574789684866e-16
"1810",-0.00210227583289511
"1811",-1.60983471932233e-05
"1812",1.54011596084173e-17
"1813",-2.35500901157651e-16
"1814",-2.4277605309974e-16
"1815",-2.24613028752275e-16
"1816",1.4336422614795e-16
"1817",-1.45014107020904e-16
"1818",-1.05493450637606e-16
"1819",1.83637090386716e-17
"1820",1.49707604724712e-17
"1821",1.67271214223804e-16
"1822",-3.670167405737e-18
"1823",-2.28121522253442e-16
"1824",-1.92654495762932e-16
"1825",-2.63156857673381e-16
"1826",-2.71727202263461e-16
"1827",-2.39739020915701e-16
"1828",1.74794715024987e-14
"1829",1.36102017875372e-16
"1830",5.94701505235176e-17
"1831",-1.5620651282759e-16
"1832",-1.55474670792968e-16
"1833",-1.58319365222376e-16
"1834",-0.0349354534870539
"1835",4.67537460747137e-17
"1836",-6.36485055365885e-07
"1837",-8.43698437528592e-17
"1838",-1.38874963840233e-16
"1839",-1.89687243647334e-16
"1840",1.30820679448563e-16
"1841",-1.60922278543721e-16
"1842",1.83905023013118e-16
"1843",2.18131701536955e-16
"1844",1.33547565553504e-14
"1845",-2.82009088225832e-16
"1846",2.4305978275885e-16
"1847",3.73580977210321e-15
"1848",-1.9614557687061e-16
"1849",-7.68917671254604e-17
"1850",-2.55031402223645e-16
"1851",4.01458123836038e-17
"1852",-2.56284277501908e-16
"1853",-8.81508608621495e-05
"1854",7.06446885796592e-17
"1855",1.45138467332519e-16
"1856",-1.89337328962957e-16
"1857",2.63443589523838e-16
"1858",1.56001893562095e-16
"1859",-3.96871780880974e-14
"1860",-2.0746871270107e-16
"1861",-0.0348360659330806
"1862",-2.61055278191966e-16
"1863",-1.8587426547252e-16
"1864",-1.83665937710345e-14
"1865",-6.88272366206094e-18
"1866",-1.43818065266028e-16
"1867",-2.86111544834657e-16
"1868",4.73648270079497e-17
"1869",1.65420346776276e-16
"1870",5.52996191776645e-17
"1871",-0.002392246587045
"1872",-0.0681012103190077
"1873",2.31734709142982e-16
"1874",1.69888093273282e-16
"1875",6.48965383501148e-17
"1876",-1.85958194737769e-16
"1877",-2.29202834197625e-16
"1878",-2.66925118513381e-16
"1879",-1.82696939575574e-16
"1880",4.76812967497288e-17
"1881",-1.82385119136878e-16
"1882",-1.29287548666126e-16
"1883",2.06407905949074e-15
"1884",4.88220289778679e-17
"1885",1.23136501448453e-14
"1886",-5.93045020440191e-17
"1887",-2.40268839710496e-06
"1888",-2.80093192820302e-16
"1889",-1.37069983303824e-16
"1890",2.84157950310541e-16
"1891",-7.1882197348427e-17
"1892",2.12541552492687e-16
"1893",-2.27312871259015e-16
"1894",-1.02337024394976e-16
"1895",-9.37184452357384e-05
"1896",1.51035499666972e-16
"1897",2.79125680806555e-17
"1898",-1.036987919849e-16
"1899",1.38107555688162e-16
"1900",2.03050637334754e-16
"1901",-1.16682478397483e-16
"1902",-5.66547022805482e-17
"1903",-1.09564942981752e-16
"1904",-0.000147070834059768
"1905",-0.000116744595842497
"1906",1.70773773871168e-16
"1907",1.62346763293184e-16
"1908",-1.33586820133211e-16
"1909",-1.63897625630079e-16
"1910",-0.000236853873650911
"1911",-0.00165634418178936
"1912",-1.3852936713565e-16
"1913",1.74783489793482e-16
"1914",1.63594841580663e-16
"1915",2.755173587576e-16
"1916",-1.95135760593012e-16
"1917",-1.49511165606931e-16
"1918",1.61694923280026e-16
"1919",4.59176315981425e-17
"1920",1.31773903791452e-16
"1921",-1.01774273750478e-16
"1922",-0.0026986617928503
"1923",2.58563376125632e-16
"1924",-7.05724011707877e-17
"1925",-7.67259245503183e-17
"1926",2.43616056063627e-17
"1927",2.24274602014709e-16
"1928",-1.29613772465933e-16
"1929",2.77356895604079e-16
"1930",-7.66470798873686e-05
"1931",-0.00112783770366962
"1932",2.28347277699235e-16
"1933",-8.06408036470126e-17
"1934",3.68492995977346e-17
"1935",2.71336227209993e-16
"1936",1.28151696122251e-14
"1937",8.46428031906259e-15
"1938",-7.57087911752351e-17
"1939",7.11923063120856e-17
"1940",-3.04448048479003e-05
"1941",-1.54270452345608e-16
"1942",2.41832831779155e-16
"1943",-1.5065119851907e-16
"1944",2.59399861009646e-16
"1945",1.81041474959983e-16
"1946",1.70202730488648e-17
"1947",-1.68499605808567e-14
"1948",9.28165011023631e-17
"1949",-0.00272065005826251
"1950",-2.03079280957652e-16
"1951",-1.6517138014774e-16
"1952",1.27029734522392e-16
"1953",-1.81138532353757e-16
"1954",-1.16663513564725e-16
"1955",-2.2864294236355e-16
"1956",-2.74645560586576e-06
"1957",5.00297845229174e-17
"1958",1.82981417121862e-16
"1959",-3.12557112192137e-17
"1960",-1.77617217907317e-17
"1961",8.58314852756678e-17
"1962",-1.29350802893441e-16
"1963",-3.64692480246859e-07
"1964",1.52099300976932e-16
"1965",2.06578770279573e-16
"1966",1.50794953607643e-16
"1967",-1.73340064469811e-16
"1968",-1.84655637420292e-16
"1969",5.67846610357695e-17
"1970",-2.11057588663481e-16
"1971",-0.000219146612137352
"1972",2.64471225130319e-16
"1973",-1.46366235577699e-16
"1974",7.05274752591563e-18
"1975",-2.74054314464176e-16
"1976",-1.05508385394871e-07
"1977",-1.32156681185241e-16
"1978",1.92352999751597e-16
"1979",-0.0412896312867721
"1980",1.08807223390302e-16
"1981",-1.01990242351255e-16
"1982",2.00997036852377e-16
"1983",1.21738155148501e-16
"1984",-2.33651793501837e-16
"1985",2.74145753225341e-16
"1986",-5.26712395205512e-17
"1987",-2.55382618943678e-16
"1988",-1.89590208133952e-16
"1989",-3.89403407635449e-17
"1990",1.65939239709755e-16
"1991",2.68987684055838e-16
"1992",-4.72308514103108e-17
"1993",-8.14814020682696e-17
"1994",1.98477503856945e-16
"1995",-0.00215934194529539
"1996",-2.10123691084536e-14
"1997",-4.25800938699345e-17
"1998",7.54099176937678e-17
"1999",1.67073271368402e-16
"2000",2.67478820653412e-16
"2001",-1.46990815057003e-16
"2002",2.49712772912076e-16
"2003",1.28941203470094e-16
"2004",-1.55177075438775e-16
"2005",7.23449449754621e-17
"2006",1.13116133624613e-16
"2007",8.35611286706195e-17
"2008",-2.68452436638505e-16
"2009",-7.02311666517804e-17
"2010",-1.13760234672699e-16
"2011",8.81033973986323e-17
"2012",1.98812679119606e-16
"2013",-9.19010867740127e-18
"2014",-3.75735552774307e-17
"2015",-1.12984545472045e-16
"2016",-1.08467938511588e-16
"2017",-1.76705206906015e-16
"2018",2.36735107098568e-17
"2019",-1.35652576098427e-16
"2020",1.94465787028763e-16
"2021",9.8615344364999e-17
"2022",-0.000242958363776829
"2023",3.42268205627389e-17
"2024",-7.24465489984647e-06
"2025",-2.48738866611065e-16
"2026",-3.64700199804835e-17
"2027",-3.85083203665186e-17
"2028",-4.35356373216756e-17
"2029",-2.79376392934888e-16
"2030",-1.31170831303269e-16
"2031",2.2332766923332e-16
"2032",-6.2132126616813e-18
"2033",3.18379994877646e-17
"2034",1.44711521964079e-17
"2035",-2.57787403571859e-17
"2036",-4.89307560508507e-17
"2037",-2.00880278363945e-07
"2038",-1.29756695500438e-16
"2039",-1.45809863581946e-17
"2040",8.89885864315626e-17
"2041",-0.0341332386895507
"2042",2.67848524366931e-16
"2043",-2.34984070965727e-16
"2044",-1.47721431690405e-16
"2045",-4.56896015200546e-18
"2046",5.20885662056449e-17
"2047",2.11096145042466e-17
"2048",1.93711394876513e-16
"2049",-1.11006347277869e-16
"2050",2.67654942882928e-16
"2051",-1.10577603649513e-16
"2052",-2.59725627401713e-14
"2053",-0.00116806377311902
"2054",-2.56776859275979e-16
"2055",-1.39371234406147e-16
"2056",-1.83858166508329e-16
"2057",1.21399588772737e-16
"2058",9.65048348879399e-17
"2059",-8.91597993650345e-17
"2060",-1.92439174213705e-16
"2061",4.34409380958438e-17
"2062",3.36831908426103e-17
"2063",3.93177479668842e-17
"2064",-2.04750186231183e-06
"2065",-8.81508608619117e-05
"2066",-2.70706647494842e-07
"2067",-1.03469872549762e-17
"2068",1.67413660357006e-16
"2069",-1.36732671047761e-16
"2070",-0.00631618355527252
"2071",-7.64372023331134e-18
"2072",7.63807079453513e-17
"2073",-1.32161843370644e-18
"2074",2.16350796631922e-16
"2075",4.85339097243363e-17
"2076",-1.80093054783637e-16
"2077",2.70688068141916e-16
"2078",-0.00165926566927212
"2079",-8.46939941886901e-08
"2080",-1.34078005636796e-16
"2081",-7.59918672196474e-17
"2082",-2.85574344360324e-17
"2083",-6.19887664161832e-18
"2084",-1.18686797378009e-16
"2085",-6.94557553667115e-18
"2086",-1.26906205734557e-16
"2087",-2.72847864259331e-16
"2088",-0.00612007358240762
"2089",-2.56366310902722e-16
"2090",-0.00848144754427748
"2091",-7.45790188808852e-17
"2092",1.81574551587172e-16
"2093",6.47061847946814e-18
"2094",1.12554656773313e-16
"2095",-1.07432288384326e-16
"2096",-1.1514376069954e-16
"2097",-2.01236925327019e-16
"2098",-0.00227248068055952
"2099",-1.72772876547654e-16
"2100",1.84374189042489e-16
"2101",2.88116251264524e-17
"2102",1.52991345545061e-16
"2103",-0.00312170717190759
"2104",-1.58969340343761e-17
"2105",-2.134507059297e-16
"2106",-5.67774275997613e-06
"2107",2.36917766797593e-17
"2108",-1.00454481290962e-16
"2109",1.79355619443403e-16
"2110",-0.00194495756639025
"2111",8.20710754814424e-17
"2112",-0.00222466336701018
"2113",-2.78983683824016e-15
"2114",2.56915471407494e-16
"2115",-1.93888558663509e-05
"2116",2.0767043336394e-16
"2117",-2.43039514214503e-16
"2118",-2.04085341063858e-16
"2119",-1.84236759329416e-16
"2120",2.73912302240814e-16
"2121",-2.72781759838028e-16
"2122",4.21224931180729e-14
"2123",-1.35508530662706e-16
"2124",-0.000866276354156195
"2125",-1.89073216369265e-16
"2126",-1.62187526513642e-16
"2127",2.80171076494765e-16
"2128",-1.70804687084239e-16
"2129",-6.04448270569813e-17
"2130",2.77457010128091e-16
"2131",-2.71272284377689e-17
"2132",-0.000355015634872859
"2133",2.70397712778285e-16
"2134",1.07833438575117e-16
"2135",-4.41059075328272e-17
"2136",1.02801903674553e-16
"2137",-8.69972435870024e-17
"2138",-1.80612880789472e-16
"2139",-1.35682781104309e-16
"2140",-0.000197558398812716
"2141",-1.07136934277018e-16
"2142",2.12709881272797e-16
"2143",-1.45772144036278e-16
"2144",1.05353100212696e-16
"2145",2.84950890629466e-16
"2146",1.97037543510826e-14
"2147",-3.98215643627152e-17
"2148",-2.20249335937572e-16
"2149",-4.80373880472466e-06
"2150",-6.66149303852885e-17
"2151",1.48525125089207e-16
"2152",-2.17367419393882e-16
"2153",2.36202010825546e-16
"2154",1.6181619206612e-16
"2155",-5.38072746495237e-17
"2156",-1.74630294529199e-16
"2157",6.34084890093299e-17
"2158",-8.49580058192613e-17
"2159",-1.71031927509104e-16
"2160",2.50688076708042e-16
"2161",-2.75938098749565e-16
"2162",-5.26444129504425e-17
"2163",-0.00269095231905274
"2164",9.70595125767658e-17
"2165",-2.08431581269817e-16
"2166",1.4286181415196e-16
"2167",1.56350383002982e-17
"2168",-0.00204321769022279
"2169",-0.00338266686118189
"2170",-7.61443281473878e-05
"2171",2.64303359442425e-16
"2172",2.45530078261997e-16
"2173",-0.00706210112417315
"2174",1.79981109908331e-16
"2175",2.63421011180723e-16
"2176",-1.9647316207444e-06
"2177",-0.00138327990251135
"2178",-0.00161265573127257
"2179",-8.694030140126e-17
"2180",8.91876758193967e-17
"2181",1.30228713082386e-16
"2182",1.04901466975027e-16
"2183",-0.0132396529633671
"2184",-0.00185450137887412
"2185",1.56653812018906e-16
"2186",-9.30396033854259e-17
"2187",1.59690823822698e-16
"2188",-0.00302232822961382
"2189",-1.06387013487466e-05
"2190",-1.64813402010164e-16
"2191",1.21335414778073e-16
"2192",-8.71791720423975e-17
"2193",6.62580416824212e-17
"2194",1.83574539501654e-16
"2195",-1.37900547333027e-16
"2196",1.39524023673938e-16
"2197",-1.92290414634628e-17
"2198",2.74037813004174e-16
"2199",1.25120603550101e-16
"2200",9.34036683141213e-18
"2201",-2.48967352786903e-16
"2202",-2.6902861968274e-16
"2203",-4.99895120443971e-17
"2204",-2.21506825220452e-16
"2205",8.86571890414601e-17
"2206",-2.11842811102362e-16
"2207",-0.902520368937382
"2208",-2.64955452820035e-07
"2209",-0.000277135236632417
"2210",1.57167593551677e-16
"2211",-5.78385247862596e-18
"2212",1.19512634508351e-14
"2213",1.60195476910744e-16
"2214",-2.50646981755831e-17
"2215",-0.00011788651295952
"2216",1.81898419293875e-16
"2217",-8.30360063155134e-17
"2218",-0.000574474196576103
"2219",-0.00544710616591311
"2220",-3.27216523879646e-05
"2221",-2.11909580488022e-05
"2222",-7.20382572067586e-05
"2223",1.81624015418234e-16
"2224",-0.00164010404255563
"2225",2.39799524613959e-16
"2226",2.62805324133977e-16
"2227",8.00873220285701e-17
"2228",1.4688053962805e-16
"2229",1.16763602052802e-16
"2230",-0.00222466336699772
"2231",5.76587103548151e-15
"2232",8.56681811455678e-17
"2233",-2.0997304658723e-16
"2234",1.21015065049429e-16
"2235",-2.40054261964646e-16
"2236",1.0275219410047e-16
"2237",-1.4178101575939e-16
"2238",-9.34451911170425e-17
"2239",-7.33369600509619e-05
"2240",-8.00578956686289e-06
"2241",-0.000130896533126965
"2242",-1.69561672961213e-16
"2243",-1.77992283832026e-16
"2244",-0.0583203228024816
"2245",-4.48715817741369e-17
"2246",1.01754155384775e-16
"2247",2.29831663373004e-16
"2248",2.53581476979854e-16
"2249",-1.09342102291032e-16
"2250",1.75828900866358e-16
"2251",2.31961132701498e-14
"2252",-9.10613244852521e-18
"2253",-0.00141945402879693
"2254",-2.4836656189778e-17
"2255",-2.78634519744727e-16
"2256",-6.44659008036387e-17
"2257",2.82997063224494e-16
"2258",-2.77139603880078e-16
"2259",-1.55156804449284e-17
"2260",-0.0755520446344317
"2261",-5.4317668638076e-06
"2262",1.775112342397e-16
"2263",1.2333821022627e-16
"2264",1.88752298613088e-16
"2265",-7.86490472696455e-15
"2266",-2.46244595832206e-16
"2267",2.04600694174133e-16
"2268",5.89734968346432e-17
"2269",-2.13862739963781e-16
"2270",1.74866955439298e-16
"2271",-1.46788225995594e-16
"2272",-1.1234294957944e-07
"2273",-2.12071433468931e-16
"2274",-1.8613339074606e-16
"2275",9.88134258440953e-17
"2276",-4.08779095753493e-17
"2277",-5.92458484801122e-17
"2278",2.38889651589749e-16
"2279",-0.00288837781239045
"2280",2.24309081137256e-16
"2281",-3.6259000377874e-05
"2282",-1.40491622515211e-16
"2283",-0.000592108678684041
"2284",-9.18991229940641e-17
"2285",-2.18129922492238e-18
"2286",-3.90915070940108e-18
"2287",-8.42969438261227e-05
"2288",-0.000729343610613036
"2289",2.69384822670455e-17
"2290",-0.000458157598811191
"2291",5.22372954031739e-17
"2292",2.60029394033676e-17
"2293",-2.61200585553965e-16
"2294",-2.62938509562731e-16
"2295",1.02062278394698e-17
"2296",-0.00196989616379489
"2297",-0.000477442053312759
"2298",-0.0301438774664827
"2299",-2.02338417327379e-14
"2300",-5.54091660958084e-17
"2301",-8.81508608619209e-05
"2302",-1.39404671027477e-16
"2303",-0.0335861355813088
"2304",8.85808025267877e-17
"2305",-3.7018049209524e-08
"2306",-2.30259767037673e-05
"2307",-1.8897406251627e-16
"2308",2.29757783037911e-16
"2309",2.11178523153692e-16
"2310",2.27551259529964e-16
"2311",-1.64032174680405e-16
"2312",-1.69180702014108e-16
"2313",-1.6052203226537e-16
"2314",6.90230190073037e-17
"2315",8.52364382079907e-17
"2316",2.06554963461765e-16
"2317",-0.000217987855939821
"2318",2.31085386013044e-16
"2319",-5.81160060276674e-14
"2320",-0.0430338410092842
"2321",-0.0666841357289893
"2322",-1.22382310105102e-16
"2323",2.36739340434532e-16
"2324",-4.56792040698166e-17
"2325",-2.47838545667079e-16
"2326",-5.04784522352565e-17
"2327",-5.153588320996e-17
"2328",-2.83998133117735e-16
"2329",-4.3825144973617e-17
"2330",2.49962505630884e-16
"2331",-0.000185444095351915
"2332",7.13115065637234e-17
"2333",1.39584691889801e-16
"2334",1.50035321585371e-16
"2335",-1.77991681499373e-16
"2336",-2.76444956843577e-16
"2337",-2.41554094945061e-07
"2338",2.10116490141344e-16
"2339",2.61655275630906e-16
"2340",-8.12350642635606e-17
"2341",-4.53070973519332e-17
"2342",-8.9407504174778e-17
"2343",-1.56289103488751e-06
"2344",8.53553640580022e-17
"2345",-2.41554127041025e-07
"2346",-2.17626986963951e-16
"2347",2.42232517343341e-16
"2348",-0.000151677568792867
"2349",-2.02448309690012e-16
"2350",9.517326562604e-18
"2351",-2.62042045347948e-16
"2352",2.31834349982051e-16
"2353",-5.60695298675866e-17
"2354",2.16478797176321e-16
"2355",3.80755141863626e-17
"2356",-0.000193149986370365
"2357",-8.11441572699695e-06
"2358",2.09927928176536e-16
"2359",-9.26104626554546e-17
"2360",-0.0048879865614081
"2361",-0.00108710613930124
"2362",1.39061187838179e-16
"2363",1.52618813408531e-17
"2364",-4.0218097270594e-17
"2365",-1.61133817479903e-16
"2366",1.80406135362915e-16
"2367",1.53458090430553e-16
"2368",1.71975347155135e-14
"2369",-7.66447331183103e-17
"2370",-5.77509703602319e-17
"2371",-0.112739223470334
"2372",2.31285993846017e-16
"2373",2.70054199941469e-16
"2374",8.98513209363608e-17
"2375",-1.64180266055712e-16
"2376",-2.39377018245812e-16
"2377",4.99273289374574e-17
"2378",-1.19569230887233e-05
"2379",1.3441253914177e-16
"2380",1.46411239879953e-16
"2381",5.33262869676802e-17
"2382",-1.7245831337534e-16
"2383",2.05599737271077e-16
"2384",-4.98304391443438e-17
"2385",-5.32100049807403e-17
"2386",-0.000359348541283596
"2387",-1.0365997489787e-16
"2388",-9.40588066880539e-18
"2389",-1.85715000701719e-16
"2390",-9.12305578126167e-17
"2391",-2.95601699420346e-17
"2392",6.71021837000128e-17
"2393",-1.46018949992308e-16
"2394",1.75850963393438e-16
"2395",-1.19631149316358e-05
"2396",-3.42701413302758e-17
"2397",-4.15852898594932e-17
"2398",-1.00419304779908e-14
"2399",-4.91714953987452e-06
"2400",1.35413492005769e-16
"2401",-1.5494852385838e-16
"2402",2.1985354055904e-16
"2403",6.7038053704053e-17
"2404",2.578271062511e-16
"2405",2.16575077107614e-16
"2406",2.59734130674426e-16
"2407",1.93045425306095e-16
"2408",-1.68724263436126e-16
"2409",-1.26755377233668e-14
"2410",1.25928921224958e-16
"2411",-1.96366255698301e-16
"2412",1.58911497982257e-16
"2413",2.12759559841522e-16
"2414",-4.67051018784997e-18
"2415",1.36281495875626e-16
"2416",-0.00259828637443295
"2417",-0.00240976555571947
"2418",2.2388430513792e-16
"2419",-6.14002613908365e-18
"2420",2.02879092911163e-16
"2421",-1.21562495019828e-10
"2422",-1.85355538460461e-16
"2423",-2.33033566001906e-16
"2424",-1.07741895163571e-16
"2425",1.10263715592608e-16
"2426",-0.00383239035267208
"2427",-9.44036949523613e-17
"2428",1.93312631611688e-16
"2429",-0.0514936572934229
"2430",-3.03044290754246e-06
"2431",2.23437008044742e-16
"2432",2.40122503827862e-16
"2433",-8.12790648315207e-05
"2434",2.14317177589804e-16
"2435",1.80747024773238e-16
"2436",1.53057852935481e-16
"2437",-1.99509097061152e-16
"2438",-2.05086395840799e-16
"2439",1.20010972786262e-16
"2440",7.53152328455714e-17
"2441",1.22514885972496e-17
"2442",1.71712001219666e-16
"2443",-9.48291698632793e-17
"2444",-1.08932323805361e-16
"2445",2.61969476981254e-16
"2446",-1.51259208717591e-16
"2447",-0.00595769254771894
"2448",2.8036975774244e-16
"2449",-2.19953276854383e-16
"2450",2.8559341508179e-14
"2451",-1.23444772204729e-16
"2452",1.81663715304468e-16
"2453",2.50894187838718e-16
"2454",-2.16641507921159e-16
"2455",-8.04315182580422e-17
"2456",2.55881706380891e-16
"2457",-4.03941328812271e-17
"2458",-2.51422328659009e-16
"2459",-2.4880220987009e-16
"2460",-2.21228698686459e-16
"2461",8.08351050556136e-17
"2462",-4.36630432969922e-05
"2463",-2.30395302179029e-17
"2464",1.86563132433001e-16
"2465",-2.67274663627262e-16
"2466",1.93576083610937e-16
"2467",-1.26072121631212e-16
"2468",-2.79487405283957e-16
"2469",1.94791637359719e-16
"2470",-8.26363103655863e-17
"2471",-9.23375441511222e-17
"2472",-2.51894386266916e-16
"2473",2.45594793922304e-16
"2474",-1.59212355601799e-16
"2475",1.77425883091057e-16
"2476",3.28463498632178e-17
"2477",2.0250217175071e-18
"2478",-7.06955929029624e-07
"2479",1.26866287588907e-18
"2480",7.92116237023387e-15
"2481",6.75344056645454e-17
"2482",-0.00032108152069517
"2483",-7.38452505460648e-17
"2484",-0.00068955784966796
"2485",-2.49584109248579e-16
"2486",-1.57273690267964e-16
"2487",2.8655789367655e-16
"2488",-2.09747387549613e-16
"2489",-3.18091635647532e-18
"2490",4.57213168202922e-17
"2491",6.1473834714345e-17
"2492",-8.95391686465486e-17
"2493",-2.18039822369619e-17
"2494",-7.09809621278482e-17
"2495",1.73405125273017e-14
"2496",1.53814759192094e-17
"2497",-2.52226555391106e-16
"2498",-1.54859308620099e-16
"2499",-1.5277781770175e-16
"2500",1.1757145109937e-14
"2501",-1.59439517245245e-16
"2502",2.37141213395108e-16
"2503",-9.31299375006559e-17
"2504",-3.79343469733489e-17
"2505",-2.34640758487691e-16
"2506",1.13270286572341e-16
"2507",2.5287087618319e-16
"2508",-0.000116782691569574
"2509",1.51286047460715e-17
"2510",-1.26037542930062e-16
"2511",-0.00204659290611521
"2512",-1.44530392537163e-16
"2513",-7.08426564676082e-17
"2514",2.50107126495781e-16
"2515",-6.39698589118108e-17
"2516",-1.10037474097956e-16
"2517",3.74761606570318e-18
"2518",-2.83719137769876e-16
"2519",-1.54232724844255e-16
"2520",-4.69214785748215e-17
"2521",-1.56713467663207e-16
"2522",2.72515631358576e-16
"2523",1.10984940544253e-16
"2524",1.93458345005058e-17
"2525",-2.65302136230595e-16
"2526",4.93672416826309e-17
"2527",1.9833728177785e-16
"2528",1.64839893879267e-16
"2529",-0.0751421369984889
"2530",-1.92306419087613e-16
"2531",-5.39451040986437e-17
"2532",1.80916474631566e-16
"2533",-1.36561307107311e-15
"2534",-1.82310769342611e-16
"2535",2.55678970893121e-16
"2536",1.63375883851977e-15
"2537",-0.0828701993220186
"2538",6.06397033570766e-17
"2539",3.78349691761519e-17
"2540",9.98173957737244e-17
"2541",1.16510285608174e-16
"2542",-2.36225038421915e-16
"2543",1.13955675045442e-16
"2544",-6.1736613641154e-18
"2545",-0.000116458992400496
"2546",2.0086573953928e-16
"2547",1.43068091932961e-16
"2548",-0.000108649799442129
"2549",-2.77505673238479e-16
"2550",-1.82461356316448e-18
"2551",-2.30878675641268e-16
"2552",5.5994387181625e-18
"2553",-0.000109225115996646
"2554",1.29035322522617e-16
"2555",-2.87897564490789e-16
"2556",-2.31846054068211e-16
"2557",2.736613050602e-16
"2558",2.59993699527308e-16
"2559",2.54258196460765e-16
"2560",-2.31214670918515e-16
"2561",1.9837302136004e-16
"2562",-6.31204810496452e-05
"2563",-2.52278108845055e-16
"2564",1.11127149816279e-16
"2565",1.19586258365722e-16
"2566",7.68338578272454e-17
"2567",2.34373511690587e-16
"2568",-2.64173740298147e-16
"2569",-0.00342965420262818
"2570",-9.1869251503251e-17
"2571",3.05214488212805e-17
"2572",-4.81020014839826e-17
"2573",-0.000114417409531118
"2574",-9.72758105747073e-18
"2575",-2.62269863861185e-18
"2576",7.34798310990423e-17
"2577",-1.07633462728799e-16
"2578",-2.21292977772611e-17
"2579",4.60879589136462e-17
"2580",-7.27605233394507e-05
"2581",-1.74414174857613e-16
"2582",2.288547590838e-16
"2583",-0.00469549402944974
"2584",-4.60705982691431e-17
"2585",-4.41040391987114e-06
"2586",-8.13274004470812e-17
"2587",2.24989959391355e-16
"2588",-5.58609015789554e-15
"2589",-0.195699543310322
"2590",-7.71854972772537e-17
"2591",-1.36158131891117e-17
"2592",1.90091236284997e-16
"2593",7.20922413848251e-17
"2594",-1.39811209141894e-16
"2595",-8.79935314095645e-17
"2596",-9.783689894111e-17
"2597",2.21307374337718e-16
"2598",-1.37692496023252e-16
"2599",-5.70755732241904e-17
"2600",-0.000285249788061947
"2601",1.64211091807272e-16
"2602",2.51604213877652e-16
"2603",-4.54702839947708e-17
"2604",7.86074004121879e-17
"2605",-2.69365611019508e-16
"2606",1.86285572387084e-16
"2607",-1.80257625179082e-16
"2608",1.35063387485297e-16
"2609",-2.32168581940758e-16
"2610",-3.67443363318967e-17
"2611",-2.63636508345527e-05
"2612",-2.61945874233679e-05
"2613",-2.82032845160375e-16
"2614",-1.14516374176597e-16
"2615",2.19498867829003e-16
"2616",-1.79974728218586e-16
"2617",6.69491991888187e-18
"2618",2.86531347871855e-16
"2619",1.73622840696288e-16
"2620",2.46664212741724e-16
"2621",4.76029951576933e-17
"2622",2.86970268596312e-16
"2623",2.26537173468643e-16
"2624",-2.72054951189537e-16
"2625",4.30227469123252e-17
"2626",-5.52873637348856e-17
"2627",-0.00280137181606691
"2628",-3.1347541413459e-06
"2629",2.68565702684963e-16
"2630",-0.00273812692820557
"2631",-6.45194705683983e-17
"2632",-0.195963493571786
"2633",-0.039322728174739
"2634",1.33923861118676e-16
"2635",1.7410021951708e-17
"2636",1.71073335662858e-16
"2637",6.90284223186745e-17
"2638",-8.40360635574932e-17
"2639",-2.7928932262721e-16
"2640",-4.98999462963114e-17
"2641",1.48822277650531e-16
"2642",4.07813186562488e-17
"2643",-1.09779541064299e-16
"2644",1.64373907625368e-16
"2645",1.32200119654182e-16
"2646",-0.000482614883468206
"2647",2.7431362075689e-16
"2648",7.28377625571331e-15
"2649",1.17482282548282e-17
"2650",2.10578359267638e-16
"2651",-1.07832857955708e-16
"2652",1.60733200895683e-16
"2653",-6.18673068730772e-05
"2654",2.08507825567142e-16
"2655",-3.87934899522114e-17
"2656",-1.04858421428352e-16
"2657",-1.24865923916012e-16
"2658",-0.000173040080144862
"2659",-1.63378152132258e-16
"2660",1.38012219247563e-16
"2661",5.79620138159956e-17
"2662",-2.85068006607712e-16
"2663",-0.00019755839889297
"2664",-2.76891797514817e-06
"2665",2.19307198207931e-16
"2666",1.97729831058997e-16
"2667",-1.91985480202459e-16
"2668",2.52370875795456e-16
"2669",1.28215903213074e-16
"2670",-0.000802054087414513
"2671",-4.88938770401023e-17
"2672",8.49810748078474e-17
"2673",-2.60544833513652e-16
"2674",8.12808340083843e-17
"2675",4.13997898597065e-18
"2676",2.03471366507629e-16
"2677",1.3207204553352e-16
"2678",-1.19883107651431e-17
"2679",-4.47326011364874e-17
"2680",-6.83283323248796e-06
"2681",1.12458522116755e-16
"2682",-3.19867853870531e-06
"2683",2.80094918197488e-16
"2684",-2.06528180534374e-16
"2685",1.57958853145383e-16
"2686",-1.15889745804886e-05
"2687",1.39697425159703e-16
"2688",-2.58842933378617e-16
"2689",1.48955863993074e-16
"2690",-2.3062578224787e-16
"2691",2.20758760926849e-16
"2692",-0.00104034329603647
"2693",-8.44048131880833e-18
"2694",2.76998329887907e-16
"2695",5.00957945911592e-17
"2696",9.92786525579793e-17
"2697",1.25732943107164e-16
"2698",-6.82768130199711e-05
"2699",-4.26264990671715e-16
"2700",-2.14044738939755e-14
"2701",-0.0684951953008699
"2702",-2.14022601140489e-16
"2703",2.24321211626873e-16
"2704",-9.26814955622567e-05
"2705",-9.08114588202601e-18
"2706",-2.03969222194269e-16
"2707",-2.38215788831858e-05
"2708",-0.00165709736468891
"2709",-7.86675538014478e-17
"2710",2.04555989953729e-16
"2711",-1.17871921065288e-16
"2712",-7.33316948706555e-17
"2713",-8.20452981531883e-08
"2714",-2.10422109391356e-16
"2715",1.37189347786797e-16
"2716",-6.35956141439583e-17
"2717",-2.32454934809151e-14
"2718",-1.60092272156308e-17
"2719",-2.63581160082492e-16
"2720",7.63218807921395e-17
"2721",-2.49384795726698e-16
"2722",-2.86673828596538e-17
"2723",-2.65344902464992e-16
"2724",1.17233134837647e-16
"2725",-0.00096598232186267
"2726",-4.46195950773659e-17
"2727",2.52792358249204e-17
"2728",-0.00179260108208836
"2729",1.88937963067033e-16
"2730",-1.56183656319284e-16
"2731",-7.24056692804881e-06
"2732",-2.79120320693257e-17
"2733",9.49124077578143e-17
"2734",2.35934812275148e-14
"2735",1.13431949215644e-17
"2736",-1.51203503630321e-16
"2737",-2.71287732078303e-16
"2738",8.58308097648498e-18
"2739",-1.90782527508975e-16
"2740",-1.41503148477199e-14
"2741",4.76161543699008e-16
"2742",2.71242882575818e-16
"2743",7.6952010968906e-17
"2744",-2.05928914851239e-16
"2745",7.89375147829085e-17
"2746",-1.3216989474133e-16
"2747",-8.47568862312367e-17
"2748",9.61177841149143e-17
"2749",8.83531035552604e-17
"2750",1.49346895847503e-16
"2751",2.09628057663289e-16
"2752",-1.79590155490433e-16
"2753",8.8352988564186e-17
"2754",-0.000166877741072219
"2755",-2.35193978690256e-16
"2756",1.7544584180168e-16
"2757",-1.29962056944995e-17
"2758",1.53518843686979e-16
"2759",-8.22144407846819e-07
"2760",1.70101832830413e-16
"2761",1.8220234921724e-16
"2762",5.66615528030321e-16
"2763",-8.37363753773469e-19
"2764",-2.76628013115997e-16
"2765",-1.40337161095182e-18
"2766",-0.00454618223963414
"2767",8.42701190911065e-17
"2768",7.7799779413985e-17
"2769",9.95548165648325e-17
"2770",1.28117532576923e-16
"2771",2.11161236227875e-14
"2772",3.02396657184717e-14
"2773",-2.83956942507171e-16
"2774",2.17906213204415e-18
"2775",-2.13272795161137e-16
"2776",-2.48309849098729e-16
"2777",-1.85802662615244e-16
"2778",-0.037922761667012
"2779",-2.808280041847e-06
"2780",1.31779618274817e-16
"2781",-1.18986397515341e-16
"2782",2.00901520247626e-16
"2783",-2.63299967315847e-16
"2784",-2.10425723515109e-16
"2785",-6.42058814433748e-17
"2786",-2.50117002331248e-16
"2787",-1.82098450999203e-16
"2788",-2.40002869675764e-16
"2789",-2.58164371569385e-16
"2790",2.66601193892529e-16
"2791",5.8658717719307e-15
"2792",1.87636105820768e-16
"2793",-0.000261111421888369
"2794",1.23737479883105e-16
"2795",-0.000857537201800169
"2796",-0.00267910352845241
"2797",-5.31344312483462e-06
"2798",2.85968332228721e-16
"2799",-0.0761723189410284
"2800",-0.000178812906372177
"2801",2.24417251863304e-16
"2802",-6.58633850872665e-17
"2803",1.73899671519449e-16
"2804",-0.0015976568125279
"2805",1.96533637986796e-16
"2806",-6.34792041331404e-17
"2807",-2.82540378445772e-17
"2808",6.77103135603669e-17
"2809",-5.44546248443589e-17
"2810",2.70372082351875e-17
"2811",-1.09049508376599e-16
"2812",-1.31859887318624e-16
"2813",1.11536329929668e-16
"2814",2.05683899278168e-16
"2815",-2.28571737032989e-16
"2816",2.25887788928853e-16
"2817",-7.37718920478938e-08
"2818",-2.69415689342817e-16
"2819",-5.76481886071849e-17
"2820",2.11296843123348e-16
"2821",-7.37467175200898e-17
"2822",2.13286400788737e-16
"2823",-2.45137841265185e-16
"2824",-2.25907537841036e-16
"2825",2.6994397446565e-16
"2826",-6.14623009771865e-17
"2827",-1.06316238555847e-16
"2828",2.65047386285666e-16
"2829",-5.01580973881333e-15
"2830",1.53375846651553e-16
"2831",-1.76258866087045e-16
"2832",1.9138707204876e-16
"2833",1.1547314424398e-16
"2834",5.63570287951851e-16
"2835",1.69087658080693e-14
"2836",8.75032391976184e-18
"2837",-1.79762038917482e-16
"2838",-1.05426651487735e-16
"2839",4.17463683158654e-18
"2840",2.06377233761538e-16
"2841",-1.6711363699647e-17
"2842",-2.33666691870739e-16
"2843",3.7475849307221e-17
"2844",1.34122188246695e-14
"2845",1.68619323061173e-17
"2846",-2.54309722694144e-06
"2847",-1.78486151643149e-16
"2848",-0.000167616381262027
"2849",1.20849179566216e-16
"2850",-8.76142308864358e-17
"2851",1.67310886538071e-16
"2852",-1.56988944109022e-14
"2853",-1.72425160719723e-07
"2854",-9.9685400416787e-05
"2855",7.54332701238661e-17
"2856",-8.41780078774724e-05
"2857",-2.15072023619481e-16
"2858",-2.07941821849747e-16
"2859",1.73327065615353e-16
"2860",-1.10078067981321e-16
"2861",2.67310057828434e-18
"2862",1.3928759917483e-16
"2863",-1.11279823675111e-17
"2864",-2.22551271844039e-14
"2865",2.25575353452335e-16
"2866",1.25625769377325e-16
"2867",-3.84037074677829e-17
"2868",1.73290099505275e-16
"2869",2.21642245961874e-16
"2870",-2.3092160662858e-16
"2871",-2.01683655743303e-16
"2872",-1.15486810041338e-07
"2873",-0.000118176039318874
"2874",-1.8821631089963e-16
"2875",-0.000752736437528731
"2876",2.76665459149469e-16
"2877",-3.55638936829211e-06
"2878",-2.24039238642594e-16
"2879",-8.18387386950839e-17
"2880",-8.16060341438777e-17
"2881",2.84964061637276e-16
"2882",-2.10152825618372e-16
"2883",1.52160656698638e-16
"2884",2.33101213580422e-16
"2885",1.44048576181038e-16
"2886",-2.07504792255579e-16
"2887",-0.0339139009098636
"2888",-1.07004759190944e-17
"2889",-5.45111504482521e-17
"2890",8.2036540711149e-18
"2891",-1.45785092099356e-16
"2892",2.84149918800495e-16
"2893",1.37604851512379e-16
"2894",1.918604154241e-16
"2895",-2.12728403604086e-16
"2896",-3.08237582114373e-17
"2897",-1.07259435861736e-06
"2898",-2.72831612556834e-16
"2899",-3.73119529023241e-18
"2900",-1.09342932673761e-16
"2901",-5.93685134594494e-15
"2902",-1.08966535172922e-16
"2903",2.71301604590746e-16
"2904",1.31394231654195e-16
"2905",1.82759982385266e-16
"2906",4.54762345093994e-17
"2907",-0.0367294925498383
"2908",1.32232475123851e-14
"2909",2.0836928403933e-16
"2910",4.51498127495191e-17
"2911",1.77286542408727e-16
"2912",-0.000119973481237604
"2913",-3.64149671512399e-09
"2914",3.97714187330126e-17
"2915",-0.00130732055188843
"2916",-1.11326266314792e-05
"2917",1.08634386892642e-16
"2918",-7.6109581564821e-17
"2919",6.33230918774408e-17
"2920",-1.48520764786879e-16
"2921",1.47135076373463e-17
"2922",-0.0211326823679218
"2923",-8.23625435251372e-17
"2924",-3.80745042218669e-17
"2925",2.47211149730882e-16
"2926",-0.000261391815682843
"2927",1.97840567062675e-17
"2928",-3.70180184844018e-08
"2929",-6.66878470785005e-17
"2930",1.42581258622066e-17
"2931",-2.71827080250102e-16
"2932",1.54250173351289e-16
"2933",2.00364811563344e-16
"2934",-8.51945062906834e-18
"2935",3.94762217975643e-17
"2936",-2.74490909211746e-16
"2937",-2.81305649639435e-16
"2938",-0.000527534575630175
"2939",-1.82249828993068e-16
"2940",-9.73037016505553e-17
"2941",-2.04668727827202e-17
"2942",-8.12790648095237e-05
"2943",9.78134552408792e-15
"2944",-1.62170447551592e-16
"2945",-8.76945372012307e-05
"2946",1.75582168784081e-16
"2947",8.07266642275154e-15
"2948",2.03585884223849e-16
"2949",2.60771518449444e-16
"2950",-1.32340071283081e-16
"2951",-0.00727454629877813
"2952",6.96869516837603e-18
"2953",-2.80547944444714e-16
"2954",-1.51690424237136e-16
"2955",3.16821792691773e-17
"2956",2.70789636803645e-16
"2957",-9.15860126074893e-17
"2958",-0.0031481206767628
"2959",1.03403759279359e-14
"2960",2.24108522427527e-16
"2961",-0.00177679640805851
"2962",-1.59802805357923e-16
"2963",-2.80828006617288e-06
"2964",3.21452988264477e-17
"2965",-1.5944689770908e-17
"2966",-1.47625201944551e-06
"2967",-8.7296722449608e-17
"2968",-5.39412001162736e-17
"2969",2.04458774363643e-16
"2970",-1.92570059215144e-16
"2971",-2.37425656640648e-16
"2972",-5.86829897528605e-17
"2973",-1.19203157876579e-16
"2974",1.72479150259569e-16
"2975",2.50396956957234e-16
"2976",-7.06297567492197e-05
"2977",6.8853802565383e-17
"2978",-1.1486497475021e-16
"2979",-0.0302649584936616
"2980",5.22751482280187e-17
"2981",1.42517237426996e-16
"2982",-2.29626978074363e-16
"2983",1.51495622791148e-16
"2984",1.8710967676322e-16
"2985",-1.53422886355477e-16
"2986",-2.43119847425704e-16
"2987",-1.80719414828454e-16
"2988",-3.38549848156088e-17
"2989",-2.80156624453091e-17
"2990",7.87764890590501e-18
"2991",2.63572616426747e-16
"2992",-1.86759273822743e-17
"2993",-1.62624778658657e-16
"2994",-0.0365558282635066
"2995",-2.3852455231035e-16
"2996",1.95589687662586e-16
"2997",2.65479857336412e-16
"2998",-1.25363163050277e-16
"2999",-6.12988072814469e-18
"3000",5.35018894885916e-17
"3001",2.53740447929476e-16
"3002",2.80851911962164e-16
"3003",2.48091504618104e-16
"3004",2.53820072788985e-16
"3005",2.24344485163179e-16
"3006",-2.74249429721895e-16
"3007",6.6750464012886e-17
"3008",1.4896814122446e-16
"3009",2.76620425024093e-16
"3010",7.96799551256781e-17
"3011",4.67015582861426e-17
"3012",-3.49744997011618e-06
"3013",-0.000168854683879228
"3014",1.06282461491422e-16
"3015",-2.52434512777492e-17
"3016",-1.73138439007998e-11
"3017",-2.27395737839202e-16
"3018",-8.37076524069437e-17
"3019",-1.74682750242131e-17
"3020",7.48695113999436e-17
"3021",1.57493239603259e-16
"3022",1.9910594244632e-16
"3023",-2.37408317959201e-16
"3024",2.60593512532245e-16
"3025",-7.42795827813578e-07
"3026",-6.1847557799573e-17
"3027",1.57069098305028e-16
"3028",-3.88536171991392e-17
"3029",1.82226472828507e-16
"3030",4.77915147770756e-17
"3031",-0.00235251654128327
"3032",-7.63823105491281e-17
"3033",-8.22751071720059e-05
"3034",-1.12493784236467e-16
"3035",2.65172196275837e-16
"3036",5.95256297670563e-14
"3037",-2.26016925236853e-17
"3038",-1.64941601160354e-14
"3039",2.13829746988971e-17
"3040",-8.36190418164451e-17
"3041",-2.67743399376684e-16
"3042",-1.31841533211062e-16
"3043",-2.34388899587897e-16
"3044",9.47354369516005e-17
"3045",-4.04513288213964e-17
"3046",-2.67313649123566e-16
"3047",-2.66633701445397e-16
"3048",-5.29163442857056e-17
"3049",-8.07141731714998e-17
"3050",2.71801528164557e-16
"3051",1.80965458728604e-18
"3052",-3.08951224690005e-17
"3053",-1.42915933458652e-16
"3054",-1.17762881044686e-14
"3055",6.47878161231173e-17
"3056",1.44144317341416e-18
"3057",3.31258044471398e-17
"3058",1.13528915093733e-16
"3059",-2.45785632170208e-16
"3060",2.83343218276103e-16
"3061",1.04188306272626e-16
"3062",-1.45250084662477e-16
"3063",-2.76871202043776e-16
"3064",6.72492938075909e-15
"3065",2.3356248104943e-16
"3066",-4.48129248352529e-14
"3067",-2.11146395764662e-16
"3068",2.71445697389202e-17
"3069",1.52105766344954e-17
"3070",3.49445817590833e-17
"3071",-0.000248085768950521
"3072",-9.92006152240813e-17
"3073",2.7650681762603e-16
"3074",-2.98800630133083e-17
"3075",1.07687730677023e-16
"3076",-1.55021570845482e-05
"3077",-1.62122476766926e-16
"3078",2.49568579456937e-18
"3079",-2.26213784962083e-17
"3080",1.17796456458674e-16
"3081",-3.17997775825164e-17
"3082",-2.08393574627122e-16
"3083",7.23184988740087e-17
"3084",9.52607151615253e-17
"3085",2.00001782092498e-16
"3086",-0.0366379436576541
"3087",-2.80362828857043e-16
"3088",2.24314378544108e-16
"3089",1.29881278394501e-16
"3090",2.7868257518847e-16
"3091",-4.59682413930493e-17
"3092",-2.12431593620027e-16
"3093",-6.88207298897504e-17
"3094",5.3632376928966e-16
"3095",-1.74607793455963e-16
"3096",-2.35127370509603e-16
"3097",-2.75419971328204e-16
"3098",-1.47929438401649e-16
"3099",1.67883807741565e-16
"3100",-2.01170332709759e-16
"3101",1.88440042284969e-16
"3102",-1.75864439557656e-14
"3103",-9.44741335690367e-17
"3104",8.82186847109828e-17
"3105",-1.56102577520305e-16
"3106",1.54530146236766e-16
"3107",-3.19303258678953e-17
"3108",-2.83508272328078e-17
"3109",1.06638542244811e-16
"3110",2.3525473293414e-16
"3111",-3.20120736772808e-17
"3112",1.73177952897554e-16
"3113",5.80471321508287e-17
"3114",-2.4697443510706e-16
"3115",2.10725463709331e-16
"3116",3.02216067690314e-18
"3117",2.29921239750115e-16
"3118",7.86056341391293e-17
"3119",-4.32517306610731e-17
"3120",-1.46955534534775e-16
"3121",7.27588765549016e-17
"3122",-1.035427706617e-16
"3123",2.24314956399286e-16
"3124",3.26614935098695e-17
"3125",-2.44024895240287e-16
"3126",-3.03481684935685e-17
"3127",-2.43491360433269e-16
"3128",-1.2679147075066e-16
"3129",-9.57224261714183e-17
"3130",-9.5227344255908e-05
"3131",-9.28030671680059e-15
"3132",-1.6324173577732e-16
"3133",-4.07353348320792e-14
"3134",-2.05932106813841e-16
"3135",2.11535596197979e-16
"3136",-1.66256697191785e-16
"3137",2.1865564446807e-16
"3138",2.21143594437268e-17
"3139",-0.00275935764744587
"3140",-0.000132201563791918
"3141",2.83311266617379e-16
"3142",-6.73774492174846e-18
"3143",-6.22007623842825e-17
"3144",-0.000628732681153864
"3145",1.26051233317178e-16
"3146",3.79614279581484e-17
"3147",1.80120872956592e-16
"3148",-2.50930878497645e-16
"3149",-2.45236922033697e-16
"3150",-1.60300727773295e-16
"3151",3.89929764130991e-17
"3152",3.26250201345377e-18
"3153",2.45268912114341e-16
"3154",2.40872103349114e-16
"3155",-7.25722240475045e-17
"3156",-2.55648995412636e-16
"3157",2.64892732743057e-16
"3158",-1.1940124750923e-16
"3159",3.99205618983454e-17
"3160",-5.23930491742084e-18
"3161",5.62438143096502e-17
"3162",2.4198822973158e-16
"3163",1.32608470732888e-16
"3164",2.40420484637426e-14
"3165",1.45116842567271e-16
"3166",7.31617874928545e-17
"3167",-2.12479677327346e-16
"3168",1.86923417525038e-16
"3169",1.01827199282318e-17
"3170",2.31740961603071e-16
"3171",2.4440578136992e-16
"3172",-2.61312176434847e-16
"3173",1.37594578474338e-16
"3174",6.37265447087516e-17
"3175",1.75748324116463e-16
"3176",-6.39213400547989e-17
"3177",-2.807772821653e-16
"3178",1.73964127849958e-16
"3179",-4.3192510988469e-17
"3180",2.63528064906233e-17
"3181",1.89714211432163e-16
"3182",-0.000789678955904166
"3183",2.85990270913981e-16
"3184",-0.00160717835741538
"3185",8.9136550849624e-17
"3186",2.30972361965874e-16
"3187",-0.00298828611544589
"3188",-1.10621776476072e-16
"3189",-2.66021387272697e-16
"3190",1.59881419813702e-16
"3191",-8.40683965376866e-17
"3192",-0.000757527017227083
"3193",-2.31826505726934e-16
"3194",-1.7864978222105e-16
"3195",4.0595715162523e-14
"3196",1.45750689687728e-16
"3197",2.81041316649985e-16
"3198",-3.89711034212214e-17
"3199",2.40260727858834e-17
"3200",1.35125514671161e-16
"3201",-7.20792985582179e-18
"3202",3.07079847143005e-17
"3203",-2.29734599709593e-16
"3204",2.56432158335637e-16
"3205",7.39471047513305e-17
"3206",-2.37621807198836e-16
"3207",-1.57284434074897e-17
"3208",-7.49830510989462e-17
"3209",2.6793915413548e-16
"3210",7.79774417158759e-14
"3211",2.4987966561353e-16
"3212",-0.000159287968778593
"3213",7.78418678941448e-15
"3214",-1.99942165230749e-16
"3215",2.8996670988185e-17
"3216",-2.64294663514861e-16
"3217",2.52655934940453e-17
"3218",-2.05984517711453e-16
"3219",2.75951075551897e-16
"3220",-2.28984192478642e-14
"3221",-1.99572720942644e-16
"3222",2.83916171541548e-16
"3223",2.26856718612464e-16
"3224",8.42078743058411e-17
"3225",2.83093790195866e-16
"3226",-7.2705716716717e-17
"3227",-0.00264111273014608
"3228",-1.40327519490349e-16
"3229",-6.94584068625636e-15
"3230",-1.63518108972001e-14
"3231",-5.65090017444723e-17
"3232",8.47772339135121e-18
"3233",2.63040008593101e-16
"3234",2.05075040921311e-16
"3235",-1.45510020204386e-16
"3236",4.73676814729732e-18
"3237",-0.0828339608617084
"3238",1.17263157740314e-16
"3239",-2.13997090013924e-16
"3240",-2.68543499645637e-16
"3241",-1.4056095482304e-06
"3242",-4.11283132636255e-17
"3243",-0.0771801764258865
"3244",-1.2569715757389e-16
"3245",2.84679990092598e-17
"3246",-0.000752736437529046
"3247",8.63149307516465e-15
"3248",-1.32964911308064e-16
"3249",-1.1859461364307e-16
"3250",2.39504331557404e-14
"3251",-1.84742805330245e-16
"3252",-1.80261011084601e-16
"3253",-1.97036483998563e-16
"3254",-1.40172975682308e-17
"3255",-6.48861352307655e-05
"3256",-5.01080389729571e-17
"3257",-8.20452979045402e-08
"3258",-1.35897456331083e-16
"3259",-0.000213791930328751
"3260",1.31115514280774e-16
"3261",-6.02377454767596e-16
"3262",-1.38452151338248e-16
"3263",-1.07256988943441e-16
"3264",4.28442335954783e-17
"3265",4.97438322470632e-17
"3266",-6.25823346634339e-06
"3267",2.66016508249393e-16
"3268",2.22253433927214e-16
"3269",-2.24289199733847e-16
"3270",-1.06068579712758e-16
"3271",5.05057620036318e-17
"3272",-0.00192032781220582
"3273",-2.09876076249686e-16
"3274",1.43899087893564e-16
"3275",-1.16142196157815e-16
"3276",-0.00141002365244681
"3277",4.51248097051796e-17
"3278",2.76213533761863e-16
"3279",-6.50417874389501e-17
"3280",1.02498786262078e-17
"3281",1.00503501649202e-16
"3282",2.14929612405517e-16
"3283",-1.40560949243834e-06
"3284",5.46580700897069e-17
"3285",4.28719819318224e-17
"3286",1.01483006547167e-13
"3287",-8.48407602401828e-08
"3288",5.92786220418775e-14
"3289",-0.000907475453892341
"3290",-6.81360976894166e-05
"3291",2.85700404100488e-16
"3292",5.7247268278294e-17
"3293",-3.26833841635111e-17
"3294",-6.27498591461912e-17
"3295",-1.84642115269489e-16
"3296",4.10987201388893e-17
"3297",-5.44445907517773e-06
"3298",4.19778634725953e-17
"3299",-1.7111574681165e-16
"3300",2.29957229923293e-16
"3301",-0.00138961092526051
"3302",1.37654942714436e-17
"3303",1.47004950780917e-17
"3304",-3.96149324275036e-17
"3305",2.79253074045666e-16
"3306",2.40378839087117e-16
"3307",1.0316917075033e-14
"3308",6.88759958997219e-17
"3309",1.48184411301322e-16
"3310",-7.7992728933862e-17
"3311",-2.54764494395469e-16
"3312",1.76460290319763e-16
"3313",3.81168663103576e-17
"3314",2.52766043622472e-16
"3315",-6.37625367588771e-17
"3316",-5.27315858743504e-17
"3317",-2.1070059513913e-16
"3318",-2.216871340907e-16
"3319",-1.71359656898835e-16
"3320",-1.81035138352089e-16
"3321",2.57043789688047e-16
"3322",-0.00183998700077554
"3323",2.37765319820276e-16
"3324",2.0506897425119e-16
"3325",5.36680375684555e-17
"3326",1.4152924193166e-14
"3327",-0.0012459998117277
"3328",-2.34750515259601e-14
"3329",-1.5759177791817e-16
"3330",-6.24016432210651e-17
"3331",-0.0751522578513755
"3332",-2.70853545656481e-16
"3333",-0.00233968970236662
"3334",-2.21950586243666e-16
"3335",-3.60261754021593e-17
"3336",-1.5004867676952e-16
"3337",-7.76426990957078e-17
"3338",1.6011421568007e-16
"3339",1.57960350375098e-16
"3340",4.77570586827085e-17
"3341",3.20874416284208e-19
"3342",2.27842584667903e-16
"3343",-1.40244031541298e-16
"3344",3.45449216129397e-17
"3345",-2.44590254547165e-16
"3346",-1.61746031348721e-16
"3347",2.18831966484669e-16
"3348",-1.57932239712576e-16
"3349",-1.37173395730112e-14
"3350",2.60139932146677e-16
"3351",-2.6328143253166e-16
"3352",-1.81769146513464e-16
"3353",1.8544316169986e-16
"3354",-3.53876284346251e-17
"3355",2.17306843882336e-16
"3356",4.45446700173337e-14
"3357",-2.26513608477894e-17
"3358",1.3326877266094e-16
"3359",2.03320959975485e-16
"3360",-4.53532629108936e-17
"3361",-2.74770321148522e-16
"3362",-0.00242521389438066
"3363",2.41738729183497e-16
"3364",-2.38337267663728e-16
"3365",2.04572638905157e-16
"3366",-1.50373898165001e-16
"3367",-2.12139995724668e-16
"3368",-0.00961326449428229
"3369",-1.66802463451362e-14
"3370",-0.000801374097668711
"3371",-9.86477048817987e-08
"3372",-1.60176027648949e-16
"3373",-1.71864604550347e-16
"3374",-2.61053542334827e-16
"3375",2.00894247240033e-16
"3376",-3.11870507849082e-17
"3377",1.35956289180657e-16
"3378",-2.36118340874035e-16
"3379",-1.54346356973521e-16
"3380",5.06627684961487e-17
"3381",2.33104851677968e-16
"3382",2.14851215706652e-14
"3383",4.26905434661349e-17
"3384",-1.34049892837219e-16
"3385",-8.50874554909992e-17
"3386",-0.0366379436576504
"3387",-9.47530903288024e-17
"3388",-6.96395201707291e-17
"3389",1.17379445144859e-16
"3390",-2.87780277148826e-17
"3391",-2.77751556035786e-16
"3392",-0.000152617460723724
"3393",1.50928170122774e-16
"3394",-1.43008964006561e-16
"3395",2.81687242535442e-16
"3396",-1.51081627479589e-05
"3397",-1.83964478983922e-07
"3398",-4.25102668059532e-16
"3399",1.79988446657778e-16
"3400",1.67314619970667e-16
"3401",-9.4594522274782e-17
"3402",-2.29766360357625e-16
"3403",-0.000157548449424109
"3404",1.11158761634566e-16
"3405",-1.26345517000124e-16
"3406",9.95067813281196e-17
"3407",-1.56177751743616e-16
"3408",1.99393125012278e-17
"3409",2.13041103116426e-16
"3410",2.06339929012132e-16
"3411",1.67255125173698e-16
"3412",-1.83487628333488e-16
"3413",-2.03707425995968e-16
"3414",1.2812625990267e-16
"3415",-1.43365495382488e-14
"3416",-0.00082502035028461
"3417",-1.05413275173323e-16
"3418",-1.66165799290361e-16
"3419",-1.41015875552623e-16
"3420",-2.73299834714767e-06
"3421",-1.59426406441725e-16
"3422",-3.96224232917231e-17
"3423",-1.35268452036849e-14
"3424",-2.41088003855934e-16
"3425",-2.77021223107979e-16
"3426",-2.75017157375334e-16
"3427",-2.37532736322291e-16
"3428",-1.80864979355183e-16
"3429",-1.13000887314613e-16
"3430",-2.08879317742236e-16
"3431",4.65993517671884e-17
"3432",-2.35781705522226e-16
"3433",2.69181178934084e-16
"3434",-7.46234899314608e-17
"3435",2.44205860291168e-18
"3436",-1.90142048222694e-16
"3437",1.33090234929984e-16
"3438",-3.7782242907896e-17
"3439",-2.0939523680065e-18
"3440",-1.03714621577525e-14
"3441",2.48051014128018e-14
"3442",-1.48996028143814e-17
"3443",1.21368342940666e-16
"3444",-7.44853939575339e-17
"3445",-1.77881462238653e-16
"3446",2.51067139317155e-16
"3447",-1.76809732540265e-16
"3448",5.06658629771857e-17
"3449",-2.44974648508404e-17
"3450",-9.61498964007154e-17
"3451",-9.17641220416284e-19
"3452",-0.000169105335736079
"3453",-2.57663972036695e-16
"3454",-5.45537613869031e-18
"3455",1.01461348432188e-16
"3456",-1.6674469167783e-16
"3457",-2.43568893130368e-16
"3458",-2.58077798670919e-16
"3459",-2.95695781523907e-06
"3460",3.90631460491477e-17
"3461",-1.6864313358768e-17
"3462",2.5982310619261e-16
"3463",2.14130653031695e-16
"3464",-1.22429782626424e-16
"3465",1.30809790026803e-16
"3466",2.1034233360467e-16
"3467",-1.49019588007639e-16
"3468",-1.65465952358296e-16
"3469",-1.98892352874717e-16
"3470",2.74858635204556e-17
"3471",-1.05734660452218e-16
"3472",1.65713243828406e-16
"3473",-0.0446943425438964
"3474",1.61165884554825e-14
"3475",-4.09932357060761e-17
"3476",-1.74751858245359e-16
"3477",-2.4090381485825e-16
"3478",1.93736372971459e-16
"3479",-4.17695096745794e-17
"3480",-2.82779233209535e-16
"3481",2.37388870620001e-16
"3482",6.37299481195284e-17
"3483",-8.63029093452807e-17
"3484",-8.19214407948077e-05
"3485",3.53768429972868e-17
"3486",1.67604592160197e-16
"3487",5.24979801842226e-17
"3488",-1.79936519845203e-16
"3489",-0.000128496570425266
"3490",3.68423443405054e-17
"3491",-1.09163390734877e-06
"3492",1.24279851563678e-16
"3493",1.5727354079073e-16
"3494",7.80861350920161e-17
"3495",1.12699112908605e-16
"3496",-7.39524995036748e-18
"3497",1.79948302236249e-16
"3498",9.2485812191143e-17
"3499",1.44989795658741e-16
"3500",-1.93918326980627e-16
"3501",-1.7045313957206e-16
"3502",-2.02529353675353e-17
"3503",2.51685159968064e-17
"3504",6.60059337633745e-17
"3505",-2.78775756045008e-16
"3506",2.39773364612143e-16
"3507",1.91138873433401e-16
"3508",2.23617910640552e-16
"3509",1.82410904568732e-16
"3510",1.33287347671016e-16
"3511",-2.22934386388688e-16
"3512",-3.3157481768402e-17
"3513",-0.00444958550507988
"3514",-2.29287206302716e-16
"3515",1.24196260457466e-16
"3516",-5.26521541126206e-16
"3517",1.93527323056371e-16
"3518",-5.63980586299549e-05
"3519",-1.41293077774161e-16
"3520",-5.073903545197e-14
"3521",-1.7799283839579e-16
"3522",-1.90512901835723e-16
"3523",2.19749581062924e-16
"3524",3.9212297916106e-17
